,id,expected_recovery_amount,actual_recovery_amount,recovery_strategy,age,sex
0,2030,194,263.54,Level 0 Recovery,19,Male
1,1150,486,416.09,Level 0 Recovery,25,Female
2,380,527,429.35,Level 0 Recovery,27,Male
3,1838,536,296.99,Level 0 Recovery,25,Male
4,1995,541,346.385,Level 0 Recovery,34,Male
5,731,548,520.71,Level 0 Recovery,35,Male
6,221,549,221.585,Level 0 Recovery,33,Male
7,1932,560,373.72,Level 0 Recovery,19,Female
8,1828,562,201.865,Level 0 Recovery,22,Female
9,2001,565,504.885,Level 0 Recovery,27,Male
10,723,573,363.61,Level 0 Recovery,27,Female
11,1913,582,201.815,Level 0 Recovery,31,Male
12,286,587,400.365,Level 0 Recovery,18,Male
13,685,602,262.445,Level 0 Recovery,31,Male
14,251,604,240.815,Level 0 Recovery,33,Male
15,1769,604,278.72,Level 0 Recovery,32,Female
16,1816,605,444.455,Level 0 Recovery,22,Female
17,583,606,200.425,Level 0 Recovery,26,Male
18,770,608,315.435,Level 0 Recovery,23,Male
19,1849,613,245.0,Level 0 Recovery,29,Female
20,1850,613,377.105,Level 0 Recovery,28,Female
21,1532,615,420.735,Level 0 Recovery,33,Female
22,565,621,249.1,Level 0 Recovery,34,Female
23,1355,629,366.45,Level 0 Recovery,31,Female
24,855,632,426.21,Level 0 Recovery,28,Female
25,932,643,399.14,Level 0 Recovery,32,Male
26,1479,643,480.125,Level 0 Recovery,23,Male
27,492,648,225.165,Level 0 Recovery,21,Male
28,2022,656,467.945,Level 0 Recovery,24,Male
29,1990,658,515.785,Level 0 Recovery,23,Male
30,1533,662,936.06,Level 0 Recovery,21,Male
31,1554,664,398.59,Level 0 Recovery,35,Female
32,480,670,228.985,Level 0 Recovery,32,Male
33,475,672,282.62,Level 0 Recovery,34,Female
34,1904,672,270.585,Level 0 Recovery,18,Female
35,1241,678,292.25,Level 0 Recovery,32,Female
36,294,681,362.06,Level 0 Recovery,23,Female
37,1390,684,333.21,Level 0 Recovery,25,Male
38,712,686,491.635,Level 0 Recovery,24,Female
39,957,692,508.27,Level 0 Recovery,26,Male
40,144,698,253.61,Level 0 Recovery,28,Male
41,949,699,557.9,Level 0 Recovery,27,Male
42,1022,699,384.575,Level 0 Recovery,18,Female
43,1861,702,407.2,Level 0 Recovery,31,Male
44,1981,703,414.065,Level 0 Recovery,31,Male
45,1280,704,627.44,Level 0 Recovery,18,Female
46,2019,704,262.105,Level 0 Recovery,29,Female
47,1342,707,326.93,Level 0 Recovery,19,Male
48,283,715,370.925,Level 0 Recovery,26,Male
49,532,718,539.65,Level 0 Recovery,28,Male
50,1921,719,325.875,Level 0 Recovery,26,Female
51,543,720,851.62,Level 0 Recovery,22,Male
52,1053,720,523.81,Level 0 Recovery,22,Female
53,1503,723,567.765,Level 0 Recovery,25,Female
54,297,724,315.66,Level 0 Recovery,26,Female
55,1969,726,253.585,Level 0 Recovery,25,Male
56,1746,727,282.21,Level 0 Recovery,20,Female
57,241,728,589.55,Level 0 Recovery,29,Female
58,1144,731,617.675,Level 0 Recovery,24,Male
59,1700,733,697.415,Level 0 Recovery,36,Female
60,2008,736,691.405,Level 0 Recovery,28,Female
61,1238,741,251.65,Level 0 Recovery,27,Female
62,1339,742,464.33,Level 0 Recovery,32,Female
63,1754,748,329.78,Level 0 Recovery,26,Female
64,1470,749,858.36,Level 0 Recovery,26,Male
65,227,751,287.125,Level 0 Recovery,33,Female
66,1705,752,369.4,Level 0 Recovery,25,Male
67,1986,752,677.825,Level 0 Recovery,20,Male
68,797,754,529.615,Level 0 Recovery,33,Female
69,1151,754,601.03,Level 0 Recovery,27,Female
70,1947,755,318.74,Level 0 Recovery,25,Female
71,1498,756,574.0,Level 0 Recovery,18,Male
72,2013,767,516.22,Level 0 Recovery,24,Female
73,1938,769,299.71,Level 0 Recovery,33,Female
74,1397,770,540.165,Level 0 Recovery,35,Male
75,1389,771,744.75,Level 0 Recovery,24,Male
76,1894,771,603.47,Level 0 Recovery,35,Male
77,54,772,482.88,Level 0 Recovery,20,Male
78,60,772,532.735,Level 0 Recovery,31,Male
79,488,772,465.665,Level 0 Recovery,18,Male
80,1648,772,415.4,Level 0 Recovery,31,Female
81,223,773,314.795,Level 0 Recovery,33,Female
82,872,773,413.54,Level 0 Recovery,18,Male
83,1039,773,487.32,Level 0 Recovery,19,Male
84,1742,774,395.205,Level 0 Recovery,24,Female
85,1337,775,610.23,Level 0 Recovery,31,Female
86,1209,776,313.945,Level 0 Recovery,30,Female
87,1048,777,424.015,Level 0 Recovery,31,Male
88,1346,777,622.5,Level 0 Recovery,21,Male
89,1862,782,1069.185,Level 0 Recovery,24,Male
90,1444,783,533.645,Level 0 Recovery,23,Male
91,1561,785,576.69,Level 0 Recovery,35,Female
92,253,786,302.56,Level 0 Recovery,22,Male
93,1491,791,319.365,Level 0 Recovery,22,Male
94,1590,791,552.34,Level 0 Recovery,35,Female
95,474,793,204.535,Level 0 Recovery,27,Male
96,873,793,584.47,Level 0 Recovery,34,Female
97,915,794,271.615,Level 0 Recovery,29,Female
98,495,796,537.215,Level 0 Recovery,31,Female
99,1628,797,847.94,Level 0 Recovery,28,Male
100,1755,798,510.275,Level 0 Recovery,28,Female
101,12,800,370.51,Level 0 Recovery,26,Male
102,305,804,454.61,Level 0 Recovery,33,Female
103,743,805,508.005,Level 0 Recovery,30,Male
104,1341,807,313.485,Level 0 Recovery,39,Male
105,530,808,452.845,Level 0 Recovery,33,Female
106,473,810,325.42,Level 0 Recovery,24,Male
107,1423,811,515.64,Level 0 Recovery,35,Female
108,1786,818,529.01,Level 0 Recovery,26,Female
109,1249,820,491.705,Level 0 Recovery,33,Female
110,1994,820,342.965,Level 0 Recovery,45,Male
111,1706,822,592.635,Level 0 Recovery,26,Female
112,195,823,718.3,Level 0 Recovery,30,Female
113,1630,823,636.24,Level 0 Recovery,29,Male
114,1536,826,298.845,Level 0 Recovery,25,Female
115,1343,827,402.605,Level 0 Recovery,18,Male
116,1641,828,463.59,Level 0 Recovery,32,Male
117,1934,828,344.365,Level 0 Recovery,30,Female
118,1847,831,309.255,Level 0 Recovery,27,Male
119,1502,840,758.41,Level 0 Recovery,28,Female
120,1537,844,666.28,Level 0 Recovery,26,Female
121,1214,845,377.975,Level 0 Recovery,31,Male
122,696,846,257.695,Level 0 Recovery,29,Female
123,25,848,358.595,Level 0 Recovery,25,Male
124,1809,848,495.58,Level 0 Recovery,29,Female
125,1254,851,428.795,Level 0 Recovery,20,Male
126,394,852,376.935,Level 0 Recovery,30,Male
127,1620,852,432.855,Level 0 Recovery,30,Female
128,933,857,647.46,Level 0 Recovery,22,Male
129,1780,864,449.48,Level 0 Recovery,42,Male
130,109,865,506.635,Level 0 Recovery,44,Male
131,598,869,429.275,Level 0 Recovery,42,Female
132,1477,869,1300.79,Level 0 Recovery,21,Female
133,1866,869,359.945,Level 0 Recovery,35,Male
134,899,870,293.065,Level 0 Recovery,34,Male
135,1930,870,314.39,Level 0 Recovery,31,Female
136,178,871,656.47,Level 0 Recovery,22,Male
137,1101,873,533.875,Level 0 Recovery,34,Male
138,1227,873,551.925,Level 0 Recovery,35,Male
139,508,877,476.415,Level 0 Recovery,36,Male
140,1763,877,411.84,Level 0 Recovery,25,Female
141,1475,879,646.93,Level 0 Recovery,32,Female
142,879,880,724.42,Level 0 Recovery,30,Female
143,884,881,594.9,Level 0 Recovery,28,Male
144,1694,881,450.56,Level 0 Recovery,33,Male
145,1556,882,346.51,Level 0 Recovery,25,Male
146,300,886,613.32,Level 0 Recovery,28,Female
147,1465,886,1051.69,Level 0 Recovery,18,Male
148,1776,887,506.235,Level 0 Recovery,25,Male
149,279,889,546.165,Level 0 Recovery,25,Male
150,893,891,487.25,Level 0 Recovery,24,Female
151,1604,892,572.33,Level 0 Recovery,26,Female
152,1740,892,610.09,Level 0 Recovery,28,Female
153,1933,892,694.955,Level 0 Recovery,26,Female
154,1966,894,744.515,Level 0 Recovery,40,Female
155,200,897,454.66,Level 0 Recovery,29,Female
156,1817,897,472.36,Level 0 Recovery,20,Male
157,9,899,398.145,Level 0 Recovery,41,Male
158,520,900,504.79,Level 0 Recovery,34,Male
159,1036,900,539.535,Level 0 Recovery,34,Female
160,1383,900,554.745,Level 0 Recovery,24,Male
161,998,901,887.005,Level 0 Recovery,32,Male
162,1351,903,667.035,Level 0 Recovery,28,Male
163,2028,905,586.96,Level 0 Recovery,35,Female
164,1943,906,874.56,Level 0 Recovery,29,Male
165,559,907,317.335,Level 0 Recovery,21,Male
166,1675,908,625.55,Level 0 Recovery,26,Male
167,1297,911,520.775,Level 0 Recovery,18,Male
168,1157,912,773.65,Level 0 Recovery,29,Female
169,1685,913,756.855,Level 0 Recovery,27,Male
170,1951,914,556.53,Level 0 Recovery,23,Male
171,806,917,793.73,Level 0 Recovery,26,Male
172,954,918,575.435,Level 0 Recovery,30,Male
173,963,918,645.595,Level 0 Recovery,35,Male
174,1976,918,307.525,Level 0 Recovery,24,Male
175,1052,919,541.475,Level 0 Recovery,31,Male
176,1364,919,544.04,Level 0 Recovery,23,Male
177,1257,920,500.23,Level 0 Recovery,27,Male
178,877,926,615.935,Level 0 Recovery,32,Male
179,1033,931,801.885,Level 0 Recovery,31,Male
180,468,932,325.535,Level 0 Recovery,19,Female
181,1508,932,409.77,Level 0 Recovery,30,Male
182,248,937,494.495,Level 0 Recovery,23,Female
183,1550,938,964.39,Level 0 Recovery,34,Male
184,1744,938,754.71,Level 0 Recovery,26,Female
185,1403,940,806.94,Level 0 Recovery,22,Male
186,930,941,792.37,Level 0 Recovery,20,Female
187,926,943,770.28,Level 0 Recovery,35,Male
188,562,945,333.605,Level 0 Recovery,40,Female
189,1223,947,714.655,Level 0 Recovery,31,Male
190,1405,947,870.02,Level 0 Recovery,21,Male
191,690,948,282.855,Level 0 Recovery,28,Female
192,1619,950,883.79,Level 0 Recovery,21,Female
193,1898,950,534.91,Level 0 Recovery,24,Male
194,212,951,543.78,Level 0 Recovery,33,Female
195,1329,951,537.985,Level 0 Recovery,20,Male
196,1751,951,589.435,Level 0 Recovery,21,Male
197,560,952,581.51,Level 0 Recovery,23,Male
198,604,952,305.275,Level 0 Recovery,27,Female
199,1806,953,438.145,Level 0 Recovery,35,Male
200,123,960,737.665,Level 0 Recovery,18,Male
201,1108,961,660.175,Level 0 Recovery,56,Male
202,278,962,629.47,Level 0 Recovery,21,Female
203,1993,963,508.18,Level 0 Recovery,24,Male
204,1677,966,705.725,Level 0 Recovery,44,Male
205,1821,966,363.01,Level 0 Recovery,24,Male
206,1819,967,490.44,Level 0 Recovery,18,Female
207,1848,967,535.235,Level 0 Recovery,34,Female
208,1949,968,1029.545,Level 0 Recovery,33,Female
209,500,969,609.685,Level 0 Recovery,30,Male
210,1916,970,719.84,Level 0 Recovery,19,Male
211,856,971,492.32,Level 0 Recovery,25,Female
212,84,972,507.325,Level 0 Recovery,23,Female
213,901,973,474.53,Level 0 Recovery,25,Male
214,1549,975,656.5,Level 0 Recovery,23,Female
215,1756,975,834.605,Level 0 Recovery,31,Male
216,1365,977,663.145,Level 0 Recovery,28,Male
217,1696,977,724.675,Level 0 Recovery,25,Male
218,1988,977,389.59,Level 0 Recovery,18,Male
219,403,979,762.995,Level 0 Recovery,25,Male
220,610,980,377.67,Level 0 Recovery,30,Male
221,2033,980,856.695,Level 0 Recovery,33,Male
222,2045,980,1214.57,Level 0 Recovery,29,Female
223,21,981,341.58,Level 0 Recovery,28,Male
224,1394,982,596.915,Level 0 Recovery,22,Male
225,874,983,923.3,Level 0 Recovery,24,Female
226,1204,983,422.235,Level 0 Recovery,33,Male
227,1051,985,410.34,Level 0 Recovery,20,Male
228,1164,986,1176.465,Level 0 Recovery,29,Female
229,1452,986,938.075,Level 0 Recovery,19,Female
230,254,987,477.985,Level 0 Recovery,31,Male
231,557,987,381.19,Level 0 Recovery,18,Female
232,1386,988,462.7,Level 0 Recovery,26,Male
233,1899,988,508.93,Level 0 Recovery,26,Female
234,1980,988,428.85,Level 0 Recovery,25,Female
235,2023,988,704.445,Level 0 Recovery,18,Male
236,913,989,502.095,Level 0 Recovery,34,Male
237,193,990,491.425,Level 0 Recovery,22,Female
238,972,991,507.975,Level 0 Recovery,22,Female
239,336,992,519.61,Level 0 Recovery,32,Male
240,1818,992,397.385,Level 0 Recovery,33,Female
241,2002,992,470.215,Level 0 Recovery,32,Male
242,618,993,790.48,Level 0 Recovery,22,Male
243,1779,993,518.3,Level 0 Recovery,36,Female
244,1963,996,1225.66,Level 0 Recovery,29,Female
245,391,998,763.27,Level 0 Recovery,26,Female
246,206,1000,1119.87,Level 0 Recovery,28,Male
247,1629,1001,1723.5492199999999,Level 1 Recovery,35,Male
248,2021,1001,612.7776467,Level 1 Recovery,25,Female
249,1478,1002,1659.94163,Level 1 Recovery,31,Male
250,153,1005,735.2648933999999,Level 1 Recovery,33,Male
251,1359,1007,775.6701899,Level 1 Recovery,26,Female
252,1721,1010,468.80872,Level 1 Recovery,24,Female
253,348,1012,844.3638904,Level 1 Recovery,27,Female
254,911,1013,794.0825283,Level 1 Recovery,31,Female
255,1005,1013,715.5041752999999,Level 1 Recovery,30,Male
256,208,1014,997.8265319,Level 1 Recovery,20,Male
257,1514,1016,985.7021597000002,Level 1 Recovery,30,Female
258,1535,1017,829.6367587999999,Level 1 Recovery,29,Male
259,454,1018,870.2644065,Level 1 Recovery,32,Male
260,600,1020,783.8100473,Level 1 Recovery,23,Male
261,818,1020,849.7251612,Level 1 Recovery,19,Male
262,493,1023,676.4499850999999,Level 1 Recovery,33,Male
263,1496,1023,2046.825257,Level 1 Recovery,33,Male
264,1870,1024,1222.414631,Level 1 Recovery,35,Male
265,2005,1025,848.6061424000001,Level 1 Recovery,26,Male
266,1528,1026,720.2906319,Level 1 Recovery,22,Female
267,1667,1026,882.7187587999999,Level 1 Recovery,24,Female
268,1799,1026,661.7877406,Level 1 Recovery,30,Female
269,1385,1027,496.6920076,Level 1 Recovery,22,Female
270,1137,1030,870.9028989,Level 1 Recovery,37,Male
271,105,1031,742.0345768,Level 1 Recovery,35,Female
272,1211,1031,1012.7066470000001,Level 1 Recovery,37,Male
273,1301,1032,789.5904172,Level 1 Recovery,28,Female
274,661,1033,1047.370531,Level 1 Recovery,33,Male
275,61,1034,1199.917829,Level 1 Recovery,22,Female
276,482,1034,849.1643123,Level 1 Recovery,30,Male
277,238,1035,990.6340744999999,Level 1 Recovery,21,Female
278,292,1041,712.6532526000001,Level 1 Recovery,30,Female
279,513,1042,843.319302,Level 1 Recovery,23,Male
280,1443,1044,674.7690549,Level 1 Recovery,25,Female
281,1461,1044,1135.882979,Level 1 Recovery,30,Female
282,1509,1044,906.4984965,Level 1 Recovery,34,Male
283,1559,1045,973.3639101,Level 1 Recovery,34,Female
284,1793,1045,1697.47501,Level 1 Recovery,32,Female
285,631,1046,1098.320587,Level 1 Recovery,42,Male
286,1497,1046,1134.471732,Level 1 Recovery,25,Male
287,1557,1048,1068.511941,Level 1 Recovery,28,Female
288,192,1049,955.9131833999999,Level 1 Recovery,19,Male
289,1086,1049,760.8977117000001,Level 1 Recovery,29,Male
290,1336,1049,1002.450251,Level 1 Recovery,40,Male
291,718,1050,1001.841551,Level 1 Recovery,32,Male
292,955,1051,1062.6612289999998,Level 1 Recovery,30,Male
293,1597,1051,851.5869116,Level 1 Recovery,30,Male
294,578,1056,846.2038292000001,Level 1 Recovery,23,Female
295,18,1057,959.5396432,Level 1 Recovery,22,Female
296,182,1058,1251.915589,Level 1 Recovery,43,Male
297,924,1058,634.9691551,Level 1 Recovery,28,Male
298,709,1061,882.5719723999999,Level 1 Recovery,23,Female
299,291,1062,824.1649313999999,Level 1 Recovery,34,Male
300,707,1062,688.9110641,Level 1 Recovery,23,Male
301,1462,1062,943.1711121,Level 1 Recovery,20,Male
302,1794,1062,1097.629093,Level 1 Recovery,41,Male
303,1437,1063,947.2487093000001,Level 1 Recovery,27,Female
304,1829,1065,700.0770012999999,Level 1 Recovery,20,Male
305,1972,1065,823.2485654,Level 1 Recovery,26,Male
306,142,1066,986.7832963,Level 1 Recovery,41,Female
307,652,1066,954.7328511,Level 1 Recovery,29,Female
308,1037,1069,1083.2152800000001,Level 1 Recovery,32,Male
309,134,1071,705.5518707,Level 1 Recovery,34,Male
310,417,1071,904.5613294999999,Level 1 Recovery,31,Male
311,1170,1071,665.3593201,Level 1 Recovery,24,Male
312,1775,1072,769.2819856000001,Level 1 Recovery,31,Female
313,1845,1072,433.199166,Level 1 Recovery,25,Male
314,52,1073,1053.353862,Level 1 Recovery,29,Male
315,1340,1075,956.3494516000001,Level 1 Recovery,35,Male
316,1625,1076,938.1474896,Level 1 Recovery,29,Female
317,1815,1076,980.9743412999999,Level 1 Recovery,33,Male
318,410,1077,1013.650883,Level 1 Recovery,22,Male
319,1097,1077,1138.2931800000001,Level 1 Recovery,27,Female
320,1466,1078,1072.344742,Level 1 Recovery,26,Male
321,1649,1078,1150.060622,Level 1 Recovery,26,Female
322,1127,1079,1160.40549,Level 1 Recovery,29,Female
323,1812,1080,862.9001536000001,Level 1 Recovery,28,Male
324,440,1081,815.5547412000001,Level 1 Recovery,33,Male
325,1633,1084,627.4518699,Level 1 Recovery,27,Male
326,1842,1084,759.2355361000001,Level 1 Recovery,30,Male
327,284,1085,962.2080742999999,Level 1 Recovery,22,Female
328,1621,1085,664.54105,Level 1 Recovery,34,Female
329,1912,1086,908.044553,Level 1 Recovery,31,Female
330,2043,1086,1280.870775,Level 1 Recovery,23,Female
331,1547,1088,994.9089817,Level 1 Recovery,26,Male
332,88,1091,1135.1756070000001,Level 1 Recovery,21,Male
333,1957,1091,806.1377734,Level 1 Recovery,31,Female
334,732,1092,728.4363739,Level 1 Recovery,21,Male
335,1637,1092,1028.513414,Level 1 Recovery,19,Male
336,1184,1096,1077.218384,Level 1 Recovery,38,Male
337,1664,1096,2053.2901260000003,Level 1 Recovery,18,Female
338,302,1098,876.9977754,Level 1 Recovery,34,Male
339,554,1098,1836.918718,Level 1 Recovery,26,Female
340,1501,1099,1277.630578,Level 1 Recovery,42,Female
341,1785,1100,663.7054465,Level 1 Recovery,22,Female
342,233,1101,990.1575162999999,Level 1 Recovery,35,Male
343,1890,1109,1066.454408,Level 1 Recovery,26,Female
344,1903,1109,889.9072971,Level 1 Recovery,28,Female
345,141,1110,751.7630958999999,Level 1 Recovery,29,Male
346,354,1111,1091.67163,Level 1 Recovery,28,Female
347,1043,1111,1290.5353599999999,Level 1 Recovery,39,Male
348,1504,1113,972.4009552000001,Level 1 Recovery,25,Male
349,466,1114,743.031917,Level 1 Recovery,24,Female
350,1243,1115,973.7044306,Level 1 Recovery,34,Male
351,1350,1115,1008.4347050000001,Level 1 Recovery,37,Male
352,1743,1116,1018.1193890000001,Level 1 Recovery,34,Female
353,1871,1117,883.8743985,Level 1 Recovery,26,Male
354,1952,1118,930.2375222999999,Level 1 Recovery,29,Male
355,710,1120,1229.360657,Level 1 Recovery,35,Male
356,1115,1120,2232.326692,Level 1 Recovery,27,Male
357,1156,1120,983.5650489,Level 1 Recovery,18,Female
358,1284,1120,904.1520831,Level 1 Recovery,28,Male
359,1693,1121,1616.015865,Level 1 Recovery,33,Female
360,1260,1124,1035.902511,Level 1 Recovery,19,Female
361,528,1126,784.7193373,Level 1 Recovery,25,Female
362,1361,1127,729.1985682,Level 1 Recovery,30,Male
363,8,1129,741.4583876,Level 1 Recovery,33,Female
364,548,1130,854.6547604,Level 1 Recovery,27,Male
365,1893,1130,833.7923963,Level 1 Recovery,28,Female
366,716,1131,1000.3100630000001,Level 1 Recovery,24,Female
367,1357,1132,764.7062535,Level 1 Recovery,35,Female
368,1857,1132,1121.466781,Level 1 Recovery,23,Male
369,1217,1134,1049.435005,Level 1 Recovery,37,Male
370,1344,1134,1338.461867,Level 1 Recovery,33,Male
371,1396,1136,1334.000985,Level 1 Recovery,30,Male
372,1998,1136,668.066199,Level 1 Recovery,21,Male
373,1607,1139,1102.769926,Level 1 Recovery,33,Male
374,1822,1139,817.3061993,Level 1 Recovery,32,Female
375,1558,1141,866.3774020999999,Level 1 Recovery,24,Male
376,1956,1141,1006.363868,Level 1 Recovery,34,Male
377,575,1146,773.1071293,Level 1 Recovery,21,Female
378,293,1147,1145.548895,Level 1 Recovery,31,Male
379,788,1148,973.7819627999999,Level 1 Recovery,21,Female
380,1090,1148,1098.036423,Level 1 Recovery,30,Male
381,1978,1151,932.2409605,Level 1 Recovery,29,Male
382,1476,1152,1069.834771,Level 1 Recovery,29,Female
383,236,1153,997.3074312000001,Level 1 Recovery,42,Male
384,1726,1153,751.1284817000001,Level 1 Recovery,33,Male
385,1382,1154,726.0641443,Level 1 Recovery,26,Male
386,2006,1154,939.0973136,Level 1 Recovery,25,Female
387,219,1155,748.4634012,Level 1 Recovery,32,Female
388,960,1156,1327.732248,Level 1 Recovery,20,Male
389,1259,1156,611.2817805999999,Level 1 Recovery,19,Female
390,1928,1156,624.0090952,Level 1 Recovery,22,Male
391,807,1157,907.5000642000001,Level 1 Recovery,32,Male
392,150,1161,809.2033356000001,Level 1 Recovery,23,Male
393,1480,1162,942.4864124,Level 1 Recovery,23,Female
394,1965,1163,541.7326287999999,Level 1 Recovery,25,Male
395,94,1164,1097.386145,Level 1 Recovery,34,Male
396,612,1165,655.0470044,Level 1 Recovery,33,Female
397,1408,1165,1139.893166,Level 1 Recovery,22,Male
398,875,1168,681.2799726,Level 1 Recovery,22,Female
399,1764,1168,1375.612274,Level 1 Recovery,30,Female
400,1789,1168,648.6107131,Level 1 Recovery,34,Male
401,1955,1168,562.8529804,Level 1 Recovery,35,Male
402,247,1170,1628.597459,Level 1 Recovery,19,Male
403,132,1171,1118.554339,Level 1 Recovery,20,Female
404,237,1171,685.1657346,Level 1 Recovery,18,Female
405,858,1171,1092.334114,Level 1 Recovery,37,Female
406,2015,1172,1095.232632,Level 1 Recovery,26,Male
407,1248,1175,601.8257401000001,Level 1 Recovery,29,Male
408,198,1179,1503.3127880000002,Level 1 Recovery,19,Female
409,1977,1183,1276.574313,Level 1 Recovery,25,Female
410,1414,1186,1009.910727,Level 1 Recovery,34,Male
411,773,1188,884.2437847000001,Level 1 Recovery,30,Female
412,1149,1189,1297.407541,Level 1 Recovery,27,Female
413,1623,1189,973.6866625,Level 1 Recovery,31,Female
414,226,1190,1606.1200529999999,Level 1 Recovery,19,Male
415,1564,1190,1072.300001,Level 1 Recovery,33,Male
416,1138,1192,866.3010005000001,Level 1 Recovery,20,Female
417,936,1194,1002.933156,Level 1 Recovery,33,Male
418,1970,1196,697.4536465,Level 1 Recovery,34,Female
419,249,1198,1315.354942,Level 1 Recovery,26,Male
420,1679,1198,1464.018628,Level 1 Recovery,25,Female
421,1234,1199,1274.330575,Level 1 Recovery,19,Female
422,1049,1200,1369.626964,Level 1 Recovery,36,Male
423,1268,1201,1016.861726,Level 1 Recovery,38,Female
424,967,1202,967.5701608999999,Level 1 Recovery,26,Male
425,1741,1202,489.71921519999995,Level 1 Recovery,26,Male
426,980,1204,1220.918566,Level 1 Recovery,40,Male
427,1012,1206,1335.04767,Level 1 Recovery,31,Female
428,511,1207,1030.849929,Level 1 Recovery,21,Female
429,1907,1211,850.8527033,Level 1 Recovery,23,Male
430,1715,1212,1832.497052,Level 1 Recovery,29,Female
431,859,1214,1013.32192,Level 1 Recovery,19,Female
432,556,1216,1286.9685960000002,Level 1 Recovery,18,Male
433,506,1217,872.8439511,Level 1 Recovery,36,Male
434,725,1219,1049.376478,Level 1 Recovery,18,Female
435,344,1223,888.3704362,Level 1 Recovery,33,Female
436,739,1223,1554.205176,Level 1 Recovery,29,Female
437,476,1224,1340.0193570000001,Level 1 Recovery,20,Male
438,1581,1224,918.8739874,Level 1 Recovery,26,Male
439,1091,1229,868.4430787999999,Level 1 Recovery,34,Male
440,1287,1229,1009.698859,Level 1 Recovery,31,Female
441,1668,1229,1188.0737869999998,Level 1 Recovery,32,Male
442,1067,1231,1511.7270330000001,Level 1 Recovery,35,Male
443,1506,1235,1012.129778,Level 1 Recovery,26,Female
444,225,1236,1435.338461,Level 1 Recovery,23,Male
445,155,1237,1032.191594,Level 1 Recovery,24,Female
446,99,1239,1018.533542,Level 1 Recovery,28,Male
447,735,1239,1314.2684570000001,Level 1 Recovery,20,Male
448,1589,1239,1466.449623,Level 1 Recovery,33,Female
449,40,1240,1872.401301,Level 1 Recovery,24,Female
450,905,1240,1035.016451,Level 1 Recovery,29,Male
451,1900,1241,641.0468822,Level 1 Recovery,28,Male
452,700,1242,989.0017948999999,Level 1 Recovery,27,Female
453,1487,1243,944.3154286,Level 1 Recovery,23,Male
454,1766,1245,936.6669203,Level 1 Recovery,35,Male
455,194,1246,1421.184927,Level 1 Recovery,28,Female
456,951,1246,1777.9566140000002,Level 1 Recovery,35,Male
457,1826,1247,647.224966,Level 1 Recovery,31,Male
458,525,1249,1102.388664,Level 1 Recovery,40,Male
459,447,1250,731.5436417999999,Level 1 Recovery,26,Male
460,1099,1252,1048.11721,Level 1 Recovery,40,Male
461,1486,1252,1138.954756,Level 1 Recovery,22,Male
462,1612,1253,1707.6417190000002,Level 1 Recovery,36,Female
463,83,1254,949.1550389,Level 1 Recovery,32,Male
464,1017,1254,1089.0856,Level 1 Recovery,30,Female
465,1304,1254,896.3538681,Level 1 Recovery,30,Female
466,1255,1255,1456.601421,Level 1 Recovery,37,Male
467,1804,1255,946.4892898,Level 1 Recovery,24,Male
468,1931,1259,1374.817669,Level 1 Recovery,37,Male
469,472,1260,945.2785997000001,Level 1 Recovery,18,Male
470,120,1261,994.8727434,Level 1 Recovery,23,Male
471,1279,1262,1494.057824,Level 1 Recovery,31,Female
472,1400,1264,1404.864225,Level 1 Recovery,38,Female
473,886,1268,972.1030115,Level 1 Recovery,35,Female
474,1253,1268,1524.611848,Level 1 Recovery,26,Female
475,1540,1270,1411.395027,Level 1 Recovery,27,Male
476,1709,1270,1645.130101,Level 1 Recovery,20,Female
477,1901,1270,1098.377344,Level 1 Recovery,32,Female
478,1632,1271,1925.586188,Level 1 Recovery,20,Female
479,1352,1273,1329.8357939999999,Level 1 Recovery,30,Male
480,1176,1275,1223.964818,Level 1 Recovery,29,Male
481,1224,1276,1131.371171,Level 1 Recovery,42,Female
482,1622,1276,1716.283198,Level 1 Recovery,29,Male
483,808,1279,1545.219301,Level 1 Recovery,27,Male
484,1004,1279,842.8913838,Level 1 Recovery,20,Female
485,1495,1280,1125.475651,Level 1 Recovery,19,Female
486,1989,1286,803.9469564,Level 1 Recovery,18,Female
487,938,1288,974.4056754000001,Level 1 Recovery,18,Female
488,1463,1288,1022.62739,Level 1 Recovery,23,Female
489,298,1289,1016.640407,Level 1 Recovery,35,Male
490,576,1292,1034.820433,Level 1 Recovery,21,Male
491,1925,1294,768.3337318,Level 1 Recovery,25,Female
492,2026,1294,616.4800433999999,Level 1 Recovery,28,Male
493,1586,1295,1182.4851859999999,Level 1 Recovery,35,Male
494,165,1297,614.6115411000001,Level 1 Recovery,21,Male
495,230,1300,800.4059839,Level 1 Recovery,19,Male
496,864,1301,1116.5555539999998,Level 1 Recovery,19,Female
497,1006,1301,1282.065838,Level 1 Recovery,28,Male
498,1844,1301,1039.361529,Level 1 Recovery,34,Female
499,303,1302,819.1050617000001,Level 1 Recovery,25,Male
500,602,1304,640.4685267000001,Level 1 Recovery,30,Male
501,994,1304,1284.516643,Level 1 Recovery,31,Female
502,1237,1304,756.1959025,Level 1 Recovery,31,Male
503,584,1305,1207.255122,Level 1 Recovery,32,Female
504,1671,1305,1045.143226,Level 1 Recovery,40,Male
505,1129,1306,1277.182077,Level 1 Recovery,34,Female
506,378,1307,1045.331523,Level 1 Recovery,28,Male
507,1026,1307,921.0172868999999,Level 1 Recovery,22,Female
508,516,1308,1521.6613810000001,Level 1 Recovery,40,Male
509,1673,1311,1938.5571670000002,Level 1 Recovery,42,Male
510,1895,1312,1025.139774,Level 1 Recovery,19,Male
511,1128,1314,954.8662327999999,Level 1 Recovery,25,Male
512,1810,1319,981.4534971,Level 1 Recovery,25,Male
513,611,1320,1105.055624,Level 1 Recovery,40,Female
514,1182,1322,1660.312889,Level 1 Recovery,27,Male
515,1997,1322,705.468397,Level 1 Recovery,27,Male
516,471,1326,1130.2182619999999,Level 1 Recovery,33,Female
517,1873,1326,1286.665758,Level 1 Recovery,32,Female
518,896,1327,671.293442,Level 1 Recovery,31,Male
519,946,1327,1333.050574,Level 1 Recovery,33,Female
520,1398,1328,962.151423,Level 1 Recovery,29,Female
521,1233,1329,1429.997143,Level 1 Recovery,43,Male
522,1891,1329,712.6722126,Level 1 Recovery,22,Male
523,1338,1331,1106.675867,Level 1 Recovery,35,Male
524,958,1332,1278.528584,Level 1 Recovery,30,Female
525,1526,1335,1074.9689640000001,Level 1 Recovery,32,Male
526,1917,1336,1148.743613,Level 1 Recovery,34,Male
527,74,1337,1121.2438769999999,Level 1 Recovery,29,Male
528,1634,1338,862.7622359,Level 1 Recovery,26,Male
529,577,1339,1042.522246,Level 1 Recovery,37,Male
530,642,1342,1958.8649879999998,Level 1 Recovery,43,Male
531,868,1343,1101.1313289999998,Level 1 Recovery,19,Male
532,207,1345,1351.839,Level 1 Recovery,29,Female
533,870,1347,1103.907577,Level 1 Recovery,25,Male
534,1481,1347,1403.206105,Level 1 Recovery,18,Female
535,1114,1348,1263.61425,Level 1 Recovery,31,Male
536,1791,1350,1183.951324,Level 1 Recovery,41,Male
537,1222,1352,700.1352224,Level 1 Recovery,23,Female
538,1315,1352,1311.4093369999998,Level 1 Recovery,22,Male
539,1807,1352,731.5646341,Level 1 Recovery,26,Female
540,1950,1353,961.7995192,Level 1 Recovery,24,Male
541,184,1354,1194.3184199999998,Level 1 Recovery,31,Male
542,1878,1354,1509.994178,Level 1 Recovery,21,Male
543,651,1355,1829.535504,Level 1 Recovery,28,Female
544,1983,1355,1026.966077,Level 1 Recovery,31,Female
545,737,1356,2031.751803,Level 1 Recovery,28,Male
546,1499,1356,1762.230756,Level 1 Recovery,23,Male
547,538,1358,1098.817668,Level 1 Recovery,34,Male
548,1954,1359,905.6831387,Level 1 Recovery,29,Female
549,338,1360,657.4232036000001,Level 1 Recovery,23,Female
550,22,1361,1095.9951130000002,Level 1 Recovery,35,Male
551,1699,1361,1856.082886,Level 1 Recovery,38,Female
552,1239,1362,1811.405116,Level 1 Recovery,42,Male
553,1102,1363,1695.6406510000002,Level 1 Recovery,43,Female
554,1111,1363,1290.5892310000002,Level 1 Recovery,39,Female
555,582,1369,1220.492185,Level 1 Recovery,20,Female
556,1626,1370,1261.2049869999998,Level 1 Recovery,35,Female
557,86,1373,1212.121908,Level 1 Recovery,35,Male
558,798,1374,2119.583219,Level 1 Recovery,27,Female
559,1519,1378,1104.669122,Level 1 Recovery,35,Male
560,762,1380,784.5059284,Level 1 Recovery,24,Male
561,1920,1380,932.1284448999999,Level 1 Recovery,32,Male
562,1982,1385,1124.043772,Level 1 Recovery,25,Male
563,802,1386,1603.162435,Level 1 Recovery,31,Male
564,887,1386,1214.884823,Level 1 Recovery,29,Male
565,1075,1386,1522.9468669999999,Level 1 Recovery,38,Male
566,1208,1386,1003.365286,Level 1 Recovery,35,Male
567,1651,1386,1723.6446239999998,Level 1 Recovery,48,Male
568,779,1393,1177.3914220000001,Level 1 Recovery,43,Female
569,1883,1393,1295.321567,Level 1 Recovery,33,Female
570,232,1400,921.9166015000001,Level 1 Recovery,22,Male
571,1563,1401,953.2696212000001,Level 1 Recovery,21,Female
572,1087,1404,1254.4853289999999,Level 1 Recovery,30,Female
573,1332,1407,1171.459266,Level 1 Recovery,21,Female
574,677,1408,1763.1869550000001,Level 1 Recovery,29,Female
575,825,1408,1223.4014029999998,Level 1 Recovery,36,Female
576,1010,1409,1324.92227,Level 1 Recovery,39,Female
577,337,1412,944.5833672,Level 1 Recovery,31,Male
578,1483,1413,1582.973608,Level 1 Recovery,24,Male
579,1991,1414,1334.746905,Level 1 Recovery,39,Female
580,1973,1415,1153.52381,Level 1 Recovery,30,Male
581,14,1416,1148.242783,Level 1 Recovery,33,Female
582,975,1416,2025.375857,Level 1 Recovery,47,Female
583,1999,1416,1811.1843820000001,Level 1 Recovery,23,Female
584,1614,1419,956.7491255000001,Level 1 Recovery,28,Male
585,1985,1419,1266.757063,Level 1 Recovery,23,Female
586,364,1421,1928.022842,Level 1 Recovery,22,Female
587,1489,1425,1198.2024609999999,Level 1 Recovery,28,Female
588,1543,1425,1208.3008960000002,Level 1 Recovery,36,Male
589,1808,1426,1013.756986,Level 1 Recovery,19,Male
590,169,1428,1147.902585,Level 1 Recovery,28,Female
591,698,1429,1261.506377,Level 1 Recovery,21,Female
592,1734,1429,1066.8856449999998,Level 1 Recovery,31,Female
593,1093,1434,1039.793091,Level 1 Recovery,18,Male
594,1655,1434,1190.085536,Level 1 Recovery,41,Male
595,357,1436,1150.011798,Level 1 Recovery,29,Female
596,1610,1437,1378.536789,Level 1 Recovery,39,Male
597,1505,1438,1600.301377,Level 1 Recovery,30,Female
598,481,1439,1078.27469,Level 1 Recovery,45,Male
599,122,1440,1242.7545189999998,Level 1 Recovery,19,Male
600,299,1441,722.4840015,Level 1 Recovery,29,Male
601,1611,1441,1171.2460859999999,Level 1 Recovery,22,Female
602,950,1443,1307.53409,Level 1 Recovery,25,Female
603,989,1444,1496.31006,Level 1 Recovery,28,Male
604,1451,1444,2180.807521,Level 1 Recovery,32,Male
605,1771,1445,1137.116763,Level 1 Recovery,29,Female
606,220,1458,1280.586164,Level 1 Recovery,40,Male
607,2003,1458,976.2631771,Level 1 Recovery,28,Female
608,1510,1467,1376.214967,Level 1 Recovery,28,Female
609,1276,1468,1180.51233,Level 1 Recovery,35,Female
610,1307,1468,1220.074733,Level 1 Recovery,32,Female
611,1801,1468,1129.113969,Level 1 Recovery,30,Female
612,179,1470,1126.502294,Level 1 Recovery,28,Male
613,1964,1471,1164.334135,Level 1 Recovery,29,Female
614,159,1473,656.0293360000001,Level 1 Recovery,34,Female
615,853,1473,1871.546755,Level 1 Recovery,20,Female
616,464,1475,1013.704233,Level 1 Recovery,29,Female
617,894,1476,826.2473362000001,Level 1 Recovery,29,Male
618,1044,1476,2283.955853,Level 1 Recovery,37,Male
619,727,1478,2092.595319,Level 1 Recovery,24,Female
620,359,1481,1230.649431,Level 1 Recovery,32,Female
621,1285,1481,1449.713653,Level 1 Recovery,24,Female
622,1553,1481,1229.6143359999999,Level 1 Recovery,40,Female
623,1876,1481,1432.1553279999998,Level 1 Recovery,23,Female
624,964,1482,1570.194465,Level 1 Recovery,32,Male
625,523,1487,1071.993712,Level 1 Recovery,33,Male
626,1236,1487,705.4593812999999,Level 1 Recovery,25,Female
627,819,1490,1519.863498,Level 1 Recovery,22,Female
628,489,1491,1021.0517619999999,Level 1 Recovery,27,Female
629,892,1491,1223.493153,Level 1 Recovery,32,Female
630,1384,1491,1027.3705220000002,Level 1 Recovery,36,Female
631,1450,1492,2417.504985,Level 1 Recovery,41,Female
632,180,1494,698.2502952000001,Level 1 Recovery,24,Male
633,1905,1494,1139.4647539999999,Level 1 Recovery,41,Female
634,1347,1497,1137.1866519999999,Level 1 Recovery,22,Female
635,1704,1499,1998.8500600000002,Level 1 Recovery,18,Male
636,148,1500,783.4688167,Level 1 Recovery,27,Male
637,1045,1500,1220.62661,Level 1 Recovery,24,Male
638,203,1505,1298.5446359999999,Level 1 Recovery,32,Male
639,1177,1508,1643.605456,Level 1 Recovery,24,Female
640,775,1509,1218.9137660000001,Level 1 Recovery,27,Female
641,1195,1509,1352.075851,Level 1 Recovery,18,Male
642,654,1510,2567.265621,Level 1 Recovery,26,Female
643,1855,1512,1360.803302,Level 1 Recovery,34,Male
644,850,1515,1209.640247,Level 1 Recovery,37,Female
645,657,1516,2318.1054489999997,Level 1 Recovery,24,Female
646,1832,1516,780.1929546,Level 1 Recovery,28,Female
647,287,1521,990.9491063999999,Level 1 Recovery,26,Male
648,766,1522,1039.162449,Level 1 Recovery,23,Female
649,1524,1522,1546.054175,Level 1 Recovery,30,Male
650,1665,1522,2110.876294,Level 1 Recovery,28,Male
651,733,1525,1785.238307,Level 1 Recovery,33,Male
652,1293,1525,1217.709622,Level 1 Recovery,19,Male
653,2010,1525,1595.550013,Level 1 Recovery,27,Male
654,1551,1527,1022.3993039999999,Level 1 Recovery,31,Male
655,13,1528,1862.672904,Level 1 Recovery,45,Female
656,570,1528,1611.217743,Level 1 Recovery,48,Male
657,231,1529,941.0062657999999,Level 1 Recovery,25,Female
658,826,1529,1872.769222,Level 1 Recovery,35,Female
659,1739,1529,975.1500787,Level 1 Recovery,32,Male
660,1212,1533,1234.277493,Level 1 Recovery,48,Male
661,1877,1534,2875.723834,Level 1 Recovery,27,Male
662,95,1537,1434.019592,Level 1 Recovery,35,Female
663,961,1537,1400.290559,Level 1 Recovery,24,Male
664,1416,1538,1188.8034539999999,Level 1 Recovery,20,Female
665,774,1541,1553.066998,Level 1 Recovery,35,Male
666,1160,1545,1837.23014,Level 1 Recovery,20,Female
667,888,1549,1128.011428,Level 1 Recovery,30,Male
668,1387,1550,1288.3526160000001,Level 1 Recovery,19,Female
669,1316,1557,1334.951724,Level 1 Recovery,41,Male
670,1464,1558,1776.2432440000002,Level 1 Recovery,43,Female
671,608,1562,689.9967613,Level 1 Recovery,33,Male
672,692,1563,937.0190587999999,Level 1 Recovery,34,Male
673,1914,1564,772.8418085,Level 1 Recovery,31,Female
674,59,1565,1188.5843320000001,Level 1 Recovery,26,Female
675,764,1567,1083.02413,Level 1 Recovery,19,Female
676,1277,1568,1205.996487,Level 1 Recovery,21,Male
677,1592,1568,1795.962122,Level 1 Recovery,34,Male
678,866,1569,1788.9209600000002,Level 1 Recovery,28,Male
679,1014,1570,1031.198653,Level 1 Recovery,28,Female
680,1492,1571,1677.334795,Level 1 Recovery,30,Male
681,830,1572,1142.273975,Level 1 Recovery,42,Male
682,1608,1572,1309.93883,Level 1 Recovery,29,Male
683,1984,1574,1801.253739,Level 1 Recovery,35,Female
684,46,1577,1459.191947,Level 1 Recovery,28,Female
685,121,1581,2150.555214,Level 1 Recovery,33,Female
686,948,1582,1528.987767,Level 1 Recovery,36,Female
687,1167,1582,1628.5459970000002,Level 1 Recovery,34,Female
688,561,1583,865.4346188999999,Level 1 Recovery,32,Male
689,1441,1583,1178.440174,Level 1 Recovery,32,Female
690,1434,1584,2508.839371,Level 1 Recovery,52,Male
691,1639,1585,1774.558529,Level 1 Recovery,44,Male
692,1500,1586,1518.362108,Level 1 Recovery,29,Male
693,1735,1587,884.812734,Level 1 Recovery,25,Male
694,2014,1587,1769.3832949999999,Level 1 Recovery,20,Female
695,695,1589,1119.4636990000001,Level 1 Recovery,27,Male
696,1796,1594,1082.731078,Level 1 Recovery,19,Female
697,168,1595,739.1475396000001,Level 1 Recovery,34,Male
698,505,1600,1571.12258,Level 1 Recovery,37,Female
699,1404,1601,2474.534732,Level 1 Recovery,18,Female
700,243,1602,766.183135,Level 1 Recovery,26,Female
701,1530,1602,1269.878913,Level 1 Recovery,34,Female
702,720,1605,1327.729902,Level 1 Recovery,39,Male
703,136,1606,1360.3813480000001,Level 1 Recovery,29,Female
704,747,1610,1071.002655,Level 1 Recovery,21,Female
705,1880,1610,1528.5759070000001,Level 1 Recovery,32,Male
706,1493,1614,1319.6193130000001,Level 1 Recovery,33,Male
707,1548,1614,990.5231645,Level 1 Recovery,21,Female
708,871,1615,1348.85756,Level 1 Recovery,22,Male
709,1576,1615,1360.153666,Level 1 Recovery,41,Female
710,1427,1616,1182.775533,Level 1 Recovery,40,Female
711,734,1620,727.1146096,Level 1 Recovery,31,Male
712,876,1620,1258.444021,Level 1 Recovery,30,Male
713,977,1620,1573.044517,Level 1 Recovery,33,Male
714,1185,1621,1968.9257329999998,Level 1 Recovery,35,Male
715,435,1625,2606.1776649999997,Level 1 Recovery,20,Female
716,114,1626,1414.068948,Level 1 Recovery,19,Male
717,1174,1626,2335.9118989999997,Level 1 Recovery,42,Male
718,777,1628,1411.7923529999998,Level 1 Recovery,42,Female
719,1902,1628,1116.278165,Level 1 Recovery,43,Male
720,918,1631,1515.60449,Level 1 Recovery,22,Female
721,245,1634,1022.3506689999999,Level 1 Recovery,39,Female
722,595,1634,1409.0376919999999,Level 1 Recovery,56,Male
723,736,1634,1463.345168,Level 1 Recovery,30,Female
724,822,1634,1631.570471,Level 1 Recovery,18,Female
725,1096,1638,1523.9505,Level 1 Recovery,41,Male
726,1545,1638,1206.907385,Level 1 Recovery,24,Female
727,1939,1640,1730.8206149999999,Level 1 Recovery,38,Female
728,1761,1642,2221.772348,Level 1 Recovery,32,Female
729,1455,1646,1506.1987900000001,Level 1 Recovery,37,Female
730,1100,1650,1959.405372,Level 1 Recovery,35,Female
731,259,1656,3266.266131,Level 1 Recovery,41,Female
732,667,1658,1402.18412,Level 1 Recovery,33,Female
733,1568,1658,2001.3520620000002,Level 1 Recovery,35,Male
734,1840,1659,1085.7602160000001,Level 1 Recovery,20,Female
735,1021,1660,1508.838442,Level 1 Recovery,26,Female
736,1269,1660,1607.340516,Level 1 Recovery,33,Male
737,351,1662,926.0379144,Level 1 Recovery,26,Female
738,953,1663,1677.512084,Level 1 Recovery,44,Female
739,1042,1663,1132.935539,Level 1 Recovery,24,Female
740,1308,1663,1763.756606,Level 1 Recovery,23,Male
741,282,1665,1149.894763,Level 1 Recovery,35,Female
742,865,1666,2033.235854,Level 1 Recovery,41,Female
743,483,1668,927.4788922,Level 1 Recovery,30,Male
744,1602,1668,1765.350112,Level 1 Recovery,20,Female
745,1918,1669,1773.9640670000001,Level 1 Recovery,30,Male
746,1702,1670,3042.7890620000003,Level 1 Recovery,21,Male
747,490,1681,1041.784016,Level 1 Recovery,28,Female
748,1919,1682,1737.4955989999999,Level 1 Recovery,28,Male
749,593,1684,2278.627677,Level 1 Recovery,45,Male
750,630,1686,1903.710409,Level 1 Recovery,27,Female
751,450,1687,2777.8043079999998,Level 1 Recovery,32,Male
752,728,1688,2023.762683,Level 1 Recovery,32,Female
753,1929,1689,1591.479965,Level 1 Recovery,52,Male
754,151,1690,1205.1350009999999,Level 1 Recovery,29,Male
755,457,1691,685.5827034,Level 1 Recovery,23,Female
756,16,1694,1829.8596149999998,Level 1 Recovery,22,Female
757,704,1697,1442.234316,Level 1 Recovery,21,Male
758,1979,1698,1938.903991,Level 1 Recovery,23,Male
759,791,1699,1977.199262,Level 1 Recovery,20,Female
760,1924,1699,1303.7294140000001,Level 1 Recovery,33,Male
761,643,1700,1416.214868,Level 1 Recovery,27,Female
762,1517,1702,1487.802633,Level 1 Recovery,45,Male
763,1353,1704,1384.198203,Level 1 Recovery,18,Male
764,382,1705,1200.714668,Level 1 Recovery,20,Female
765,544,1705,1307.50291,Level 1 Recovery,26,Male
766,814,1706,1616.176301,Level 1 Recovery,38,Female
767,36,1709,2224.0986629999998,Level 1 Recovery,24,Male
768,580,1710,1350.842239,Level 1 Recovery,33,Male
769,1888,1710,1256.072288,Level 1 Recovery,31,Male
770,535,1711,2752.075985,Level 1 Recovery,19,Female
771,1292,1712,1097.302526,Level 1 Recovery,23,Male
772,246,1716,1324.911259,Level 1 Recovery,36,Male
773,665,1716,1519.692974,Level 1 Recovery,26,Female
774,897,1719,1101.779229,Level 1 Recovery,43,Female
775,1429,1720,1042.227843,Level 1 Recovery,32,Male
776,1767,1720,1648.1652,Level 1 Recovery,29,Female
777,111,1721,1127.705685,Level 1 Recovery,30,Female
778,1692,1721,1547.691331,Level 1 Recovery,28,Female
779,789,1723,1265.2873550000002,Level 1 Recovery,30,Male
780,1458,1723,1561.125691,Level 1 Recovery,39,Male
781,1016,1726,1609.663632,Level 1 Recovery,24,Male
782,443,1728,1312.2036039999998,Level 1 Recovery,19,Male
783,1529,1728,1477.702855,Level 1 Recovery,35,Male
784,469,1731,1205.222802,Level 1 Recovery,33,Male
785,1599,1731,1102.561316,Level 1 Recovery,25,Male
786,1534,1735,1065.101513,Level 1 Recovery,36,Male
787,609,1738,992.4478713999999,Level 1 Recovery,26,Female
788,498,1739,1348.5605460000002,Level 1 Recovery,34,Male
789,518,1739,1544.478814,Level 1 Recovery,36,Male
790,1745,1740,1740.566398,Level 1 Recovery,33,Female
791,341,1741,1112.7329619999998,Level 1 Recovery,28,Male
792,1944,1741,1051.410042,Level 1 Recovery,31,Male
793,809,1743,2381.911411,Level 1 Recovery,23,Female
794,2048,1746,1752.954284,Level 1 Recovery,25,Male
795,1326,1751,1144.2951050000001,Level 1 Recovery,33,Male
796,1609,1752,2128.639009,Level 1 Recovery,27,Female
797,1942,1752,1229.316034,Level 1 Recovery,26,Male
798,1792,1754,1666.322316,Level 1 Recovery,35,Female
799,115,1756,1120.688873,Level 1 Recovery,20,Female
800,820,1757,1301.9629419999999,Level 1 Recovery,33,Male
801,1659,1762,1406.5023039999999,Level 1 Recovery,26,Male
802,1154,1768,1467.746075,Level 1 Recovery,38,Male
803,519,1771,1738.530775,Level 1 Recovery,20,Female
804,1325,1772,2249.029502,Level 1 Recovery,20,Female
805,38,1773,2741.342187,Level 1 Recovery,28,Female
806,1345,1773,1165.185881,Level 1 Recovery,31,Male
807,1688,1774,1801.173354,Level 1 Recovery,28,Female
808,295,1775,1473.311989,Level 1 Recovery,40,Female
809,170,1776,1029.323825,Level 1 Recovery,34,Female
810,479,1777,1560.464827,Level 1 Recovery,34,Male
811,1729,1777,1715.2478820000001,Level 1 Recovery,49,Female
812,970,1780,1462.90395,Level 1 Recovery,38,Female
813,352,1782,1047.9959390000001,Level 1 Recovery,29,Female
814,1079,1783,2229.611839,Level 1 Recovery,39,Female
815,688,1786,1249.814582,Level 1 Recovery,32,Female
816,145,1787,1093.30501,Level 1 Recovery,24,Female
817,827,1787,2449.435444,Level 1 Recovery,42,Male
818,1937,1789,1557.779826,Level 1 Recovery,41,Male
819,514,1793,1178.835216,Level 1 Recovery,18,Female
820,1256,1796,2047.20145,Level 1 Recovery,32,Male
821,1442,1796,1748.3304030000002,Level 1 Recovery,40,Female
822,1598,1797,1437.731148,Level 1 Recovery,30,Female
823,166,1798,1663.53663,Level 1 Recovery,20,Male
824,504,1798,1338.677688,Level 1 Recovery,33,Male
825,173,1801,1154.976176,Level 1 Recovery,39,Female
826,1334,1804,1158.210451,Level 1 Recovery,31,Female
827,682,1806,1242.8684269999999,Level 1 Recovery,31,Male
828,1402,1806,1501.1856779999998,Level 1 Recovery,23,Male
829,446,1808,1579.36875,Level 1 Recovery,22,Female
830,844,1809,1507.072597,Level 1 Recovery,34,Male
831,402,1810,1659.453669,Level 1 Recovery,24,Female
832,1778,1810,1572.353215,Level 1 Recovery,33,Male
833,569,1814,1023.7125970000001,Level 1 Recovery,37,Male
834,813,1815,2014.783216,Level 1 Recovery,20,Female
835,1077,1818,1679.5273949999998,Level 1 Recovery,21,Female
836,1591,1820,2117.7517329999996,Level 1 Recovery,25,Male
837,969,1824,1505.542946,Level 1 Recovery,35,Male
838,174,1826,907.5564778999999,Level 1 Recovery,35,Female
839,965,1826,1696.9680079999998,Level 1 Recovery,36,Female
840,2054,1829,2216.847848,Level 1 Recovery,31,Male
841,614,1831,1761.473904,Level 1 Recovery,43,Male
842,1737,1837,1623.192811,Level 1 Recovery,35,Female
843,239,1838,806.023877,Level 1 Recovery,27,Male
844,973,1839,1820.196831,Level 1 Recovery,25,Female
845,1348,1841,1609.0622,Level 1 Recovery,38,Female
846,1681,1843,2070.971439,Level 1 Recovery,32,Male
847,478,1847,950.986833,Level 1 Recovery,35,Male
848,389,1852,1458.778207,Level 1 Recovery,42,Female
849,2017,1852,1071.2475980000002,Level 1 Recovery,29,Male
850,653,1855,1931.723761,Level 1 Recovery,37,Female
851,767,1858,1366.537292,Level 1 Recovery,31,Male
852,1674,1868,1188.923047,Level 1 Recovery,30,Female
853,799,1869,1089.848594,Level 1 Recovery,31,Male
854,129,1870,951.5318641000001,Level 1 Recovery,36,Female
855,1392,1870,893.0947671,Level 1 Recovery,29,Female
856,2056,1871,1000.248119,Level 1 Recovery,31,Female
857,837,1872,1563.704901,Level 1 Recovery,32,Male
858,1063,1873,1984.34583,Level 1 Recovery,34,Male
859,1219,1873,1331.815456,Level 1 Recovery,41,Male
860,1228,1878,1421.6429050000002,Level 1 Recovery,34,Male
861,1507,1879,1571.505756,Level 1 Recovery,47,Male
862,228,1884,1511.6046900000001,Level 1 Recovery,21,Female
863,703,1884,1095.624391,Level 1 Recovery,25,Female
864,346,1886,1313.801525,Level 1 Recovery,28,Female
865,546,1890,1617.32587,Level 1 Recovery,30,Female
866,671,1890,2515.197012,Level 1 Recovery,29,Male
867,852,1890,1758.292029,Level 1 Recovery,23,Female
868,1765,1893,2275.270555,Level 1 Recovery,38,Male
869,77,1898,1649.817043,Level 1 Recovery,25,Male
870,1191,1901,1955.8998739999997,Level 1 Recovery,31,Male
871,398,1905,2038.020341,Level 1 Recovery,45,Male
872,1125,1906,1366.274838,Level 1 Recovery,32,Female
873,1189,1909,1673.228346,Level 1 Recovery,41,Male
874,765,1911,2900.715251,Level 1 Recovery,33,Male
875,139,1913,1244.629382,Level 1 Recovery,37,Male
876,1539,1918,2041.4893719999998,Level 1 Recovery,33,Female
877,1263,1921,1388.405865,Level 1 Recovery,32,Female
878,1886,1921,1677.798159,Level 1 Recovery,21,Male
879,824,1925,2329.960419,Level 1 Recovery,27,Female
880,1205,1931,1544.760013,Level 1 Recovery,23,Male
881,815,1937,2094.966709,Level 1 Recovery,29,Female
882,713,1938,1982.123544,Level 1 Recovery,25,Female
883,1713,1939,1410.065369,Level 1 Recovery,32,Female
884,1787,1943,1501.202793,Level 1 Recovery,29,Male
885,629,1947,1997.171511,Level 1 Recovery,18,Male
886,1960,1949,1589.936858,Level 1 Recovery,33,Female
887,619,1950,3181.187202,Level 1 Recovery,44,Male
888,1686,1950,1828.27477,Level 1 Recovery,26,Female
889,660,1951,1419.948279,Level 1 Recovery,39,Female
890,841,1952,876.3332326,Level 1 Recovery,33,Female
891,966,1952,1752.6341920000002,Level 1 Recovery,26,Male
892,1061,1956,1524.492376,Level 1 Recovery,30,Female
893,1601,1956,1576.8136630000001,Level 1 Recovery,32,Male
894,205,1957,5018.282397999999,Level 1 Recovery,41,Male
895,1252,1957,1737.1482230000001,Level 1 Recovery,31,Female
896,1169,1958,2336.677174,Level 1 Recovery,25,Male
897,740,1959,1415.6526099999999,Level 1 Recovery,29,Female
898,881,1960,1837.996298,Level 1 Recovery,33,Female
899,803,1966,2714.36239,Level 1 Recovery,19,Female
900,587,1969,1818.357719,Level 1 Recovery,40,Male
901,1770,1970,1104.771992,Level 1 Recovery,35,Male
902,1968,1970,1243.107392,Level 1 Recovery,24,Female
903,222,1971,1486.164201,Level 1 Recovery,36,Male
904,1422,1977,2078.48635,Level 1 Recovery,33,Female
905,979,1978,1676.5311359999998,Level 1 Recovery,35,Male
906,1631,1982,2214.908302,Level 1 Recovery,23,Male
907,674,1983,1258.65023,Level 1 Recovery,31,Male
908,534,1984,2512.543451,Level 1 Recovery,38,Male
909,1168,1985,1458.064208,Level 1 Recovery,27,Female
910,715,1986,2389.374966,Level 1 Recovery,40,Male
911,805,1988,2218.180411,Level 1 Recovery,36,Female
912,1282,1988,1475.9574519999999,Level 1 Recovery,28,Female
913,1879,1988,2508.799693,Level 1 Recovery,34,Female
914,922,1990,2072.97117,Level 1 Recovery,40,Male
915,1025,1992,1364.51573,Level 1 Recovery,23,Male
916,213,1997,2694.4988,Level 1 Recovery,33,Male
917,392,2001,2028.4065899999998,Level 2 Recovery,22,Female
918,663,2003,2886.219918,Level 2 Recovery,30,Male
919,26,2004,1880.2778010000002,Level 2 Recovery,36,Male
920,1261,2004,2443.574075,Level 2 Recovery,25,Male
921,1728,2005,1918.7853469999998,Level 2 Recovery,28,Male
922,536,2006,3208.70173,Level 2 Recovery,42,Male
923,812,2010,3187.386425,Level 2 Recovery,40,Male
924,1331,2012,2382.857405,Level 2 Recovery,37,Male
925,549,2015,4557.9937390000005,Level 2 Recovery,33,Female
926,2031,2031,2420.865851,Level 2 Recovery,44,Male
927,1295,2032,3127.760254,Level 2 Recovery,29,Male
928,754,2033,2145.276991,Level 2 Recovery,48,Female
929,411,2036,2175.205409,Level 2 Recovery,50,Male
930,591,2041,1382.577822,Level 2 Recovery,41,Male
931,1089,2042,3208.279562,Level 2 Recovery,57,Male
932,996,2045,3671.3668159999997,Level 2 Recovery,18,Female
933,116,2047,1973.8178719999999,Level 2 Recovery,32,Female
934,1310,2050,1764.7580079999998,Level 2 Recovery,34,Female
935,470,2051,2027.643797,Level 2 Recovery,30,Male
936,1691,2052,2942.5041579999997,Level 2 Recovery,51,Female
937,1940,2054,1450.708592,Level 2 Recovery,43,Male
938,19,2061,1986.9209460000002,Level 2 Recovery,18,Female
939,409,2061,2050.9143489999997,Level 2 Recovery,27,Female
940,971,2061,2802.929366,Level 2 Recovery,27,Female
941,415,2063,2242.029309,Level 2 Recovery,28,Female
942,931,2064,2642.509789,Level 2 Recovery,36,Male
943,1748,2064,3716.271352,Level 2 Recovery,19,Female
944,185,2067,1989.330538,Level 2 Recovery,28,Male
945,634,2071,3025.2686940000003,Level 2 Recovery,38,Male
946,726,2071,2672.3511829999998,Level 2 Recovery,24,Male
947,11,2072,1925.993008,Level 2 Recovery,26,Male
948,706,2074,1543.2489699999999,Level 2 Recovery,41,Male
949,738,2074,2137.942801,Level 2 Recovery,39,Male
950,1827,2076,1634.203657,Level 2 Recovery,30,Male
951,360,2077,2567.629301,Level 2 Recovery,45,Male
952,1627,2080,4222.508136,Level 2 Recovery,25,Male
953,91,2084,2145.988699,Level 2 Recovery,58,Male
954,1882,2084,2034.726416,Level 2 Recovery,27,Female
955,920,2085,1513.2332,Level 2 Recovery,37,Female
956,1440,2085,2732.251685,Level 2 Recovery,27,Female
957,1971,2085,2966.709866,Level 2 Recovery,48,Male
958,1594,2086,4973.876681000001,Level 2 Recovery,19,Male
959,126,2089,1832.4210059999998,Level 2 Recovery,35,Male
960,730,2089,2884.136703,Level 2 Recovery,27,Male
961,1544,2093,2116.884226,Level 2 Recovery,21,Female
962,1887,2097,2486.597606,Level 2 Recovery,39,Female
963,1432,2098,2955.061975,Level 2 Recovery,43,Female
964,146,2103,1824.0503370000001,Level 2 Recovery,33,Female
965,252,2108,1562.305201,Level 2 Recovery,36,Male
966,783,2112,2302.072406,Level 2 Recovery,25,Female
967,1707,2114,2245.59971,Level 2 Recovery,40,Female
968,1318,2124,3000.473889,Level 2 Recovery,21,Female
969,790,2129,4206.590002,Level 2 Recovery,25,Male
970,102,2132,2203.498368,Level 2 Recovery,26,Male
971,1003,2133,2311.090894,Level 2 Recovery,22,Male
972,1669,2134,3128.95914,Level 2 Recovery,19,Female
973,835,2137,2448.235736,Level 2 Recovery,45,Female
974,1996,2140,1637.3377289999999,Level 2 Recovery,40,Male
975,335,2143,2074.051832,Level 2 Recovery,20,Male
976,1095,2143,2029.5697920000002,Level 2 Recovery,28,Male
977,387,2144,2469.371374,Level 2 Recovery,30,Male
978,681,2148,2404.100277,Level 2 Recovery,22,Male
979,687,2150,2353.735482,Level 2 Recovery,32,Male
980,1221,2153,2061.243035,Level 2 Recovery,23,Female
981,1961,2153,2764.849163,Level 2 Recovery,30,Male
982,2011,2157,2482.342414,Level 2 Recovery,31,Female
983,1130,2167,2320.072672,Level 2 Recovery,26,Female
984,816,2168,2235.182872,Level 2 Recovery,29,Male
985,1906,2170,2923.858955,Level 2 Recovery,34,Female
986,1098,2173,2177.831483,Level 2 Recovery,29,Female
987,750,2176,2062.245622,Level 2 Recovery,35,Female
988,1232,2176,2571.553218,Level 2 Recovery,35,Female
989,1194,2187,2577.731183,Level 2 Recovery,47,Female
990,1011,2189,2077.6792140000002,Level 2 Recovery,41,Male
991,224,2193,3101.638022,Level 2 Recovery,21,Female
992,288,2197,1848.842071,Level 2 Recovery,44,Male
993,1395,2197,2821.171539,Level 2 Recovery,27,Female
994,257,2198,1619.817027,Level 2 Recovery,33,Male
995,1469,2203,2955.10407,Level 2 Recovery,42,Male
996,1738,2203,2640.313107,Level 2 Recovery,26,Female
997,1687,2207,2024.6159879999998,Level 2 Recovery,37,Male
998,20,2209,2353.110412,Level 2 Recovery,33,Female
999,412,2211,1683.3168100000003,Level 2 Recovery,36,Female
1000,1275,2211,2698.3424410000002,Level 2 Recovery,53,Male
1001,976,2212,2323.772083,Level 2 Recovery,29,Female
1002,1864,2213,1789.7810739999998,Level 2 Recovery,41,Male
1003,625,2214,2911.525427,Level 2 Recovery,47,Female
1004,1373,2214,2970.6563100000003,Level 2 Recovery,19,Female
1005,1112,2218,2676.5466739999997,Level 2 Recovery,24,Male
1006,821,2221,2305.9437120000002,Level 2 Recovery,22,Male
1007,1362,2221,2924.3973530000003,Level 2 Recovery,26,Female
1008,1682,2223,3294.0378379999997,Level 2 Recovery,56,Female
1009,307,2224,3567.99316,Level 2 Recovery,28,Female
1010,1923,2224,2329.141892,Level 2 Recovery,40,Female
1011,56,2225,2966.9722070000003,Level 2 Recovery,31,Male
1012,1251,2227,2328.3802140000003,Level 2 Recovery,26,Female
1013,658,2234,2994.990869,Level 2 Recovery,39,Male
1014,1567,2234,3257.486712,Level 2 Recovery,29,Female
1015,1153,2237,2405.639466,Level 2 Recovery,41,Female
1016,1034,2239,4170.040036,Level 2 Recovery,52,Female
1017,1218,2239,2337.449149,Level 2 Recovery,39,Female
1018,1927,2244,2525.722979,Level 2 Recovery,52,Male
1019,374,2248,1731.704848,Level 2 Recovery,32,Female
1020,1585,2248,4554.125549,Level 2 Recovery,35,Female
1021,1376,2249,3088.061261,Level 2 Recovery,23,Female
1022,1028,2253,2871.750943,Level 2 Recovery,25,Female
1023,668,2254,2650.456722,Level 2 Recovery,33,Male
1024,1975,2254,1699.961673,Level 2 Recovery,29,Female
1025,362,2259,2967.16689,Level 2 Recovery,38,Female
1026,586,2260,1881.091423,Level 2 Recovery,33,Male
1027,1683,2270,3752.55653,Level 2 Recovery,44,Male
1028,1711,2270,2726.165264,Level 2 Recovery,31,Female
1029,1909,2272,1869.913573,Level 2 Recovery,44,Male
1030,1642,2276,2893.64775,Level 2 Recovery,29,Male
1031,125,2277,1565.968493,Level 2 Recovery,24,Female
1032,162,2290,2346.437789,Level 2 Recovery,29,Female
1033,78,2291,2187.878205,Level 2 Recovery,33,Female
1034,1030,2293,3275.1189510000004,Level 2 Recovery,34,Male
1035,1107,2299,2242.05616,Level 2 Recovery,36,Male
1036,1467,2299,2169.367125,Level 2 Recovery,41,Female
1037,615,2304,2643.917627,Level 2 Recovery,40,Male
1038,574,2306,2326.746669,Level 2 Recovery,24,Male
1039,128,2309,2141.132202,Level 2 Recovery,39,Female
1040,943,2311,3179.625192,Level 2 Recovery,20,Male
1041,782,2313,2330.891939,Level 2 Recovery,38,Female
1042,271,2315,1431.904334,Level 2 Recovery,37,Male
1043,793,2315,3776.0067759999997,Level 2 Recovery,39,Female
1044,383,2324,1766.606107,Level 2 Recovery,22,Female
1045,388,2326,1789.9589579999997,Level 2 Recovery,39,Male
1046,1523,2326,2408.6876,Level 2 Recovery,31,Male
1047,666,2327,3020.870691,Level 2 Recovery,33,Male
1048,1360,2328,2035.0627960000002,Level 2 Recovery,33,Female
1049,1577,2333,4590.658881,Level 2 Recovery,23,Male
1050,1814,2334,3104.6741309999998,Level 2 Recovery,24,Female
1051,1245,2336,2724.87938,Level 2 Recovery,41,Female
1052,729,2337,3070.6413789999997,Level 2 Recovery,39,Male
1053,1953,2341,2114.008519,Level 2 Recovery,34,Female
1054,24,2345,3084.824114,Level 2 Recovery,30,Female
1055,1421,2346,2986.494451,Level 2 Recovery,39,Male
1056,694,2347,2052.4884230000002,Level 2 Recovery,59,Male
1057,1732,2351,2234.406571,Level 2 Recovery,48,Female
1058,329,2353,4294.435417000001,Level 2 Recovery,49,Male
1059,552,2353,5262.626235,Level 2 Recovery,50,Female
1060,912,2365,2885.0139879999997,Level 2 Recovery,45,Female
1061,672,2372,4230.034568,Level 2 Recovery,35,Male
1062,880,2374,3420.910596,Level 2 Recovery,33,Male
1063,130,2376,3320.644691,Level 2 Recovery,49,Male
1064,1121,2377,2751.911408,Level 2 Recovery,29,Male
1065,885,2381,1747.837722,Level 2 Recovery,39,Male
1066,1573,2382,2396.038311,Level 2 Recovery,30,Female
1067,1710,2382,2991.650827,Level 2 Recovery,29,Female
1068,301,2383,2358.396034,Level 2 Recovery,32,Male
1069,1708,2391,3716.241483,Level 2 Recovery,48,Female
1070,1482,2393,3785.712653,Level 2 Recovery,37,Male
1071,108,2397,2171.352938,Level 2 Recovery,33,Male
1072,1206,2397,2629.40041,Level 2 Recovery,49,Female
1073,127,2402,2472.2256899999998,Level 2 Recovery,34,Male
1074,1135,2406,4061.770156,Level 2 Recovery,24,Female
1075,540,2412,3952.6926829999998,Level 2 Recovery,61,Female
1076,1163,2413,2871.29519,Level 2 Recovery,32,Female
1077,527,2420,2191.112534,Level 2 Recovery,42,Female
1078,138,2422,2408.0084469999997,Level 2 Recovery,47,Male
1079,605,2425,2099.926747,Level 2 Recovery,35,Female
1080,1869,2430,4148.329488,Level 2 Recovery,60,Female
1081,277,2433,2780.707554,Level 2 Recovery,39,Female
1082,910,2434,1669.760129,Level 2 Recovery,35,Female
1083,1831,2435,3184.920268,Level 2 Recovery,53,Male
1084,496,2439,2771.514393,Level 2 Recovery,24,Female
1085,510,2445,2829.378855,Level 2 Recovery,45,Female
1086,599,2450,2081.660125,Level 2 Recovery,39,Male
1087,140,2451,1440.036586,Level 2 Recovery,46,Male
1088,1143,2453,2816.475368,Level 2 Recovery,38,Male
1089,197,2454,2883.755173,Level 2 Recovery,43,Female
1090,217,2456,4760.167507,Level 2 Recovery,50,Male
1091,1945,2458,3213.9624710000003,Level 2 Recovery,43,Male
1092,1213,2460,2997.41658,Level 2 Recovery,38,Male
1093,106,2461,2230.455723,Level 2 Recovery,36,Female
1094,1196,2471,2938.692504,Level 2 Recovery,40,Female
1095,1527,2474,3505.717361,Level 2 Recovery,42,Female
1096,1273,2475,2275.963308,Level 2 Recovery,23,Female
1097,521,2477,3205.1330829999997,Level 2 Recovery,34,Female
1098,1474,2477,6032.989886,Level 2 Recovery,40,Female
1099,80,2478,1840.0422420000002,Level 2 Recovery,44,Male
1100,204,2482,3236.864035,Level 2 Recovery,34,Male
1101,1092,2482,1504.1281880000001,Level 2 Recovery,40,Male
1102,1393,2484,3328.996815,Level 2 Recovery,37,Male
1103,741,2487,3560.054846,Level 2 Recovery,44,Female
1104,2007,2487,2597.401245,Level 2 Recovery,45,Female
1105,639,2493,3239.618438,Level 2 Recovery,51,Female
1106,133,2504,2506.900923,Level 2 Recovery,44,Female
1107,256,2504,1938.380662,Level 2 Recovery,31,Male
1108,1670,2505,2622.8006,Level 2 Recovery,34,Male
1109,356,2506,2413.223027,Level 2 Recovery,36,Female
1110,999,2514,2526.336632,Level 2 Recovery,37,Female
1111,499,2516,2915.2468719999997,Level 2 Recovery,26,Male
1112,87,2517,2514.072491,Level 2 Recovery,27,Male
1113,218,2517,4347.965974000001,Level 2 Recovery,40,Female
1114,1210,2519,2872.14228,Level 2 Recovery,52,Male
1115,1640,2523,2766.221591,Level 2 Recovery,19,Female
1116,442,2524,3731.012646,Level 2 Recovery,43,Male
1117,867,2526,4399.065089,Level 2 Recovery,55,Female
1118,2035,2527,2834.24847,Level 2 Recovery,42,Female
1119,1247,2529,3137.8065079999997,Level 2 Recovery,38,Female
1120,1229,2542,2327.992311,Level 2 Recovery,37,Male
1121,234,2545,1876.382137,Level 2 Recovery,34,Male
1122,419,2547,2742.4758190000002,Level 2 Recovery,31,Male
1123,697,2547,3009.845651,Level 2 Recovery,44,Female
1124,1356,2550,2442.531266,Level 2 Recovery,24,Female
1125,448,2552,8997.653528,Level 2 Recovery,48,Female
1126,487,2552,2637.680844,Level 2 Recovery,47,Male
1127,441,2557,2577.653384,Level 2 Recovery,31,Male
1128,494,2560,3575.9445149999997,Level 2 Recovery,43,Male
1129,708,2563,3060.911951,Level 2 Recovery,49,Female
1130,780,2563,2489.942442,Level 2 Recovery,50,Female
1131,172,2569,1940.99646,Level 2 Recovery,23,Female
1132,264,2570,2467.202707,Level 2 Recovery,36,Female
1133,1600,2570,8812.251935,Level 2 Recovery,53,Female
1134,1472,2572,3167.697471,Level 2 Recovery,34,Male
1135,1624,2573,3485.9794229999998,Level 2 Recovery,39,Male
1136,862,2576,3976.8081049999996,Level 2 Recovery,34,Male
1137,1105,2585,2452.978578,Level 2 Recovery,36,Female
1138,372,2592,2254.382847,Level 2 Recovery,26,Female
1139,50,2597,2570.857423,Level 2 Recovery,37,Female
1140,1119,2602,2854.0497379999997,Level 2 Recovery,39,Male
1141,1661,2606,1994.007686,Level 2 Recovery,38,Male
1142,1783,2611,3476.9004560000003,Level 2 Recovery,25,Female
1143,274,2612,1566.1071140000001,Level 2 Recovery,37,Male
1144,31,2614,5508.572424,Level 2 Recovery,55,Female
1145,1494,2616,2806.188376,Level 2 Recovery,43,Male
1146,1772,2616,2594.619576,Level 2 Recovery,30,Male
1147,1897,2621,2117.156751,Level 2 Recovery,52,Male
1148,861,2622,2621.438675,Level 2 Recovery,54,Male
1149,1330,2623,4738.28446,Level 2 Recovery,57,Male
1150,1749,2633,3750.170324,Level 2 Recovery,33,Female
1151,542,2638,2606.0763899999997,Level 2 Recovery,35,Male
1152,749,2642,3075.818601,Level 2 Recovery,24,Male
1153,1569,2644,3519.2018350000003,Level 2 Recovery,41,Female
1154,45,2653,3565.670989,Level 2 Recovery,33,Female
1155,1666,2654,2813.5133690000002,Level 2 Recovery,39,Female
1156,944,2657,3707.486758,Level 2 Recovery,34,Female
1157,679,2661,1983.8617100000001,Level 2 Recovery,38,Female
1158,2009,2670,3254.483057,Level 2 Recovery,18,Male
1159,255,2671,3557.152765,Level 2 Recovery,36,Male
1160,594,2680,3531.8946509999996,Level 2 Recovery,35,Male
1161,2039,2680,2386.810062,Level 2 Recovery,31,Female
1162,183,2691,3312.0148719999997,Level 2 Recovery,29,Female
1163,273,2691,1710.4459170000002,Level 2 Recovery,32,Male
1164,15,2698,2065.919934,Level 2 Recovery,35,Male
1165,664,2705,3468.7561579999997,Level 2 Recovery,31,Male
1166,1377,2705,2941.541631,Level 2 Recovery,58,Female
1167,250,2711,2190.2432059999996,Level 2 Recovery,36,Female
1168,1689,2720,2700.8015600000003,Level 2 Recovery,40,Female
1169,995,2729,3270.8247100000003,Level 2 Recovery,48,Female
1170,655,2730,3995.0636670000004,Level 2 Recovery,30,Male
1171,43,2731,3411.683705,Level 2 Recovery,46,Female
1172,776,2735,3510.410909,Level 2 Recovery,33,Male
1173,455,2741,2040.270577,Level 2 Recovery,45,Female
1174,1103,2742,2976.7613530000003,Level 2 Recovery,33,Female
1175,157,2743,2127.603691,Level 2 Recovery,33,Male
1176,786,2743,2258.306733,Level 2 Recovery,45,Female
1177,285,2745,2811.067361,Level 2 Recovery,33,Female
1178,1578,2746,4439.481672999999,Level 2 Recovery,36,Female
1179,900,2749,2583.971778,Level 2 Recovery,31,Female
1180,406,2750,3586.871276,Level 2 Recovery,44,Female
1181,1020,2751,3096.7973230000002,Level 2 Recovery,32,Male
1182,49,2756,2731.0975320000002,Level 2 Recovery,35,Female
1183,1788,2761,3016.947433,Level 2 Recovery,53,Male
1184,781,2769,2790.726706,Level 2 Recovery,40,Female
1185,1941,2769,3335.579158,Level 2 Recovery,50,Male
1186,7,2770,4023.127789,Level 2 Recovery,40,Female
1187,1062,2770,3865.410882,Level 2 Recovery,42,Female
1188,1552,2771,4111.634789,Level 2 Recovery,32,Male
1189,181,2775,1632.986524,Level 2 Recovery,43,Male
1190,691,2776,2832.51561,Level 2 Recovery,38,Male
1191,2038,2784,6905.129287000001,Level 2 Recovery,33,Female
1192,1190,2787,4560.746371,Level 2 Recovery,32,Male
1193,1488,2792,5352.005681000001,Level 2 Recovery,39,Female
1194,1083,2796,2848.659639,Level 2 Recovery,40,Female
1195,1152,2796,3295.238163,Level 2 Recovery,31,Male
1196,1841,2799,2347.422294,Level 2 Recovery,41,Male
1197,2042,2800,3347.841514,Level 2 Recovery,47,Male
1198,515,2804,3123.870849,Level 2 Recovery,31,Male
1199,463,2807,5249.053089999999,Level 2 Recovery,37,Female
1200,156,2813,2258.088758,Level 2 Recovery,38,Female
1201,717,2813,2220.210209,Level 2 Recovery,38,Male
1202,627,2816,3207.49973,Level 2 Recovery,22,Female
1203,1313,2817,3235.797637,Level 2 Recovery,53,Male
1204,445,2827,2513.026523,Level 2 Recovery,50,Female
1205,79,2832,2627.48364,Level 2 Recovery,21,Female
1206,1162,2833,2659.8687059999997,Level 2 Recovery,33,Male
1207,1449,2833,3828.946174,Level 2 Recovery,33,Female
1208,1084,2841,3062.873584,Level 2 Recovery,34,Male
1209,860,2849,2343.83442,Level 2 Recovery,48,Male
1210,831,2864,2996.532607,Level 2 Recovery,41,Female
1211,1126,2874,5088.147119,Level 2 Recovery,42,Female
1212,670,2876,3448.148279,Level 2 Recovery,51,Female
1213,2049,2878,4155.352299,Level 2 Recovery,33,Female
1214,1690,2880,2892.519739,Level 2 Recovery,29,Male
1215,1958,2880,8212.70497,Level 2 Recovery,52,Female
1216,795,2881,4578.123047,Level 2 Recovery,53,Male
1217,100,2889,3243.898687,Level 2 Recovery,33,Female
1218,62,2893,2081.4474370000003,Level 2 Recovery,37,Female
1219,152,2894,2100.229441,Level 2 Recovery,42,Female
1220,742,2897,3071.208513,Level 2 Recovery,32,Male
1221,1038,2897,2418.349591,Level 2 Recovery,31,Male
1222,2025,2897,3583.6166299999995,Level 2 Recovery,26,Male
1223,633,2898,3436.4972840000005,Level 2 Recovery,30,Female
1224,849,2901,3459.7867420000002,Level 2 Recovery,43,Male
1225,467,2910,2354.292609,Level 2 Recovery,37,Female
1226,1161,2911,3398.202218,Level 2 Recovery,51,Female
1227,1333,2920,2935.136685,Level 2 Recovery,44,Female
1228,1436,2924,3999.9760119999996,Level 2 Recovery,37,Female
1229,1055,2928,3245.300228,Level 2 Recovery,46,Female
1230,408,2931,4317.77823,Level 2 Recovery,31,Male
1231,451,2936,2552.751836,Level 2 Recovery,29,Male
1232,572,2936,3273.408658,Level 2 Recovery,31,Male
1233,1142,2939,4358.55516,Level 2 Recovery,44,Male
1234,1468,2943,5206.320068,Level 2 Recovery,39,Male
1235,1731,2943,2566.7310620000003,Level 2 Recovery,30,Male
1236,1851,2949,3823.873769,Level 2 Recovery,49,Male
1237,1946,2954,4027.9086340000003,Level 2 Recovery,48,Male
1238,296,2956,3886.488049,Level 2 Recovery,48,Female
1239,537,2956,3745.843475,Level 2 Recovery,48,Male
1240,400,2967,2939.838633,Level 2 Recovery,63,Male
1241,579,2973,2806.887751,Level 2 Recovery,44,Male
1242,171,2974,2801.27208,Level 2 Recovery,55,Female
1243,323,2976,3456.54218,Level 2 Recovery,53,Male
1244,381,2976,2041.7110510000002,Level 2 Recovery,36,Female
1245,801,2981,2954.786885,Level 2 Recovery,39,Male
1246,1056,2987,3950.405604,Level 2 Recovery,48,Male
1247,1073,2990,3968.5371189999996,Level 2 Recovery,45,Male
1248,1266,2992,2401.934713,Level 2 Recovery,46,Female
1249,1324,2992,4051.6592920000003,Level 2 Recovery,48,Female
1250,621,3002,5392.977189,Level 3 Recovery,47,Male
1251,1836,3003,3306.175644,Level 3 Recovery,38,Male
1252,199,3005,2670.274009,Level 3 Recovery,44,Male
1253,340,3006,2174.134832,Level 3 Recovery,36,Female
1254,190,3007,3880.9214090000005,Level 3 Recovery,55,Female
1255,107,3009,3701.3851159999995,Level 3 Recovery,51,Female
1256,539,3011,5418.757349,Level 3 Recovery,55,Female
1257,1872,3014,5240.163699000001,Level 3 Recovery,27,Female
1258,1926,3014,4761.861638,Level 3 Recovery,55,Male
1259,1244,3015,2653.650537,Level 3 Recovery,38,Male
1260,1884,3016,7262.631211,Level 3 Recovery,51,Male
1261,978,3020,5531.6741759999995,Level 3 Recovery,43,Female
1262,1525,3024,673.1240457,Level 3 Recovery,46,Female
1263,1088,3026,4189.012382,Level 3 Recovery,52,Female
1264,124,3030,7277.4808459999995,Level 3 Recovery,54,Female
1265,1811,3030,4482.005947,Level 3 Recovery,61,Male
1266,1910,3032,8884.060523,Level 3 Recovery,25,Female
1267,1246,3035,4996.909904,Level 3 Recovery,50,Male
1268,1854,3046,4592.6961759999995,Level 3 Recovery,28,Male
1269,547,3051,6791.965089,Level 3 Recovery,43,Female
1270,659,3053,7264.260245999999,Level 3 Recovery,42,Female
1271,1645,3053,8292.163111,Level 3 Recovery,24,Female
1272,81,3057,3727.165279,Level 3 Recovery,41,Female
1273,276,3061,4440.961914,Level 3 Recovery,35,Female
1274,149,3064,3484.008099,Level 3 Recovery,29,Male
1275,1662,3064,3473.334139,Level 3 Recovery,48,Female
1276,746,3067,9619.672798,Level 3 Recovery,38,Male
1277,1046,3067,4175.930946,Level 3 Recovery,49,Female
1278,477,3068,4939.948138000001,Level 3 Recovery,47,Male
1279,990,3071,4325.565009,Level 3 Recovery,48,Male
1280,1064,3079,6377.672294,Level 3 Recovery,49,Male
1281,1603,3084,4737.821683,Level 3 Recovery,46,Male
1282,721,3094,3765.9172759999997,Level 3 Recovery,49,Female
1283,1134,3102,4626.360885,Level 3 Recovery,34,Female
1284,1388,3111,5849.1919100000005,Level 3 Recovery,37,Male
1285,705,3114,3123.755479,Level 3 Recovery,38,Female
1286,1825,3120,3426.1900579999997,Level 3 Recovery,50,Male
1287,1147,3122,5089.60726,Level 3 Recovery,45,Male
1288,836,3125,3603.9509909999997,Level 3 Recovery,48,Female
1289,397,3127,6387.374121,Level 3 Recovery,54,Female
1290,158,3129,2935.945344,Level 3 Recovery,49,Female
1291,1959,3129,3511.117693,Level 3 Recovery,45,Male
1292,97,3130,4504.1648270000005,Level 3 Recovery,53,Male
1293,1435,3138,4142.108007,Level 3 Recovery,46,Male
1294,72,3142,2864.531975,Level 3 Recovery,32,Male
1295,620,3142,5562.009821,Level 3 Recovery,35,Male
1296,757,3145,4649.374204,Level 3 Recovery,39,Female
1297,1795,3146,4172.556354,Level 3 Recovery,25,Male
1298,343,3148,4441.612072999999,Level 3 Recovery,39,Female
1299,82,3149,4134.77969,Level 3 Recovery,53,Male
1300,701,3149,3951.0064039999997,Level 3 Recovery,40,Male
1301,444,3151,3856.766069,Level 3 Recovery,43,Female
1302,529,3155,4811.1617719999995,Level 3 Recovery,60,Female
1303,1417,3164,4127.67382,Level 3 Recovery,39,Female
1304,432,3172,5935.855278,Level 3 Recovery,40,Male
1305,794,3175,4435.930126,Level 3 Recovery,45,Male
1306,350,3181,2278.300853,Level 3 Recovery,54,Male
1307,1555,3185,4104.029882,Level 3 Recovery,46,Male
1308,267,3190,3650.2765329999997,Level 3 Recovery,54,Male
1309,632,3190,4040.41555,Level 3 Recovery,34,Male
1310,1040,3192,5214.255827,Level 3 Recovery,32,Male
1311,244,3195,3682.57374,Level 3 Recovery,49,Female
1312,68,3207,4568.452896,Level 3 Recovery,46,Male
1313,1656,3209,5775.980525999999,Level 3 Recovery,41,Male
1314,1803,3213,3582.4782909999994,Level 3 Recovery,37,Female
1315,1575,3215,5478.924467,Level 3 Recovery,42,Male
1316,1747,3217,4878.671732,Level 3 Recovery,50,Male
1317,1587,3228,8148.579449,Level 3 Recovery,40,Female
1318,768,3232,4674.83975,Level 3 Recovery,27,Male
1319,683,3234,3716.048971,Level 3 Recovery,55,Female
1320,895,3241,4349.650657,Level 3 Recovery,57,Female
1321,58,3242,3531.422718,Level 3 Recovery,52,Male
1322,722,3252,3813.624305,Level 3 Recovery,38,Male
1323,719,3257,3057.240343,Level 3 Recovery,52,Male
1324,1179,3265,5353.56679,Level 3 Recovery,42,Male
1325,622,3266,4769.344816,Level 3 Recovery,57,Male
1326,437,3269,6547.994867,Level 3 Recovery,53,Male
1327,1835,3271,4645.918445,Level 3 Recovery,55,Female
1328,2004,3271,6935.485086,Level 3 Recovery,52,Male
1329,596,3273,3623.2408909999995,Level 3 Recovery,41,Female
1330,1716,3275,4880.0742549999995,Level 3 Recovery,41,Female
1331,209,3276,7111.878825,Level 3 Recovery,29,Female
1332,163,3282,2627.267599,Level 3 Recovery,43,Male
1333,436,3282,13056.468640000001,Level 3 Recovery,50,Female
1334,358,3285,4100.319964,Level 3 Recovery,50,Female
1335,817,3289,6650.9591310000005,Level 3 Recovery,41,Female
1336,832,3291,4297.13969,Level 3 Recovery,36,Male
1337,424,3301,3759.4242700000004,Level 3 Recovery,47,Female
1338,1289,3305,5564.1313119999995,Level 3 Recovery,59,Female
1339,367,3306,4538.213058,Level 3 Recovery,49,Male
1340,1278,3310,3608.536521,Level 3 Recovery,44,Female
1341,1425,3318,4452.591143,Level 3 Recovery,37,Female
1342,857,3325,4015.654622,Level 3 Recovery,43,Female
1343,1059,3325,5393.31628,Level 3 Recovery,49,Female
1344,597,3328,3715.4269189999995,Level 3 Recovery,47,Female
1345,769,3328,4342.59169,Level 3 Recovery,52,Male
1346,751,3331,3654.0346159999995,Level 3 Recovery,44,Male
1347,1106,3333,4845.324143,Level 3 Recovery,36,Male
1348,1327,3334,4136.436706,Level 3 Recovery,38,Male
1349,1843,3334,5060.324047,Level 3 Recovery,59,Male
1350,131,3342,6921.937262,Level 3 Recovery,48,Female
1351,563,3342,3836.864658,Level 3 Recovery,56,Female
1352,1231,3343,4630.603228,Level 3 Recovery,54,Male
1353,176,3355,4721.787242,Level 3 Recovery,37,Female
1354,997,3357,5836.489976,Level 3 Recovery,58,Male
1355,635,3365,9108.402333,Level 3 Recovery,32,Female
1356,308,3370,2787.269558,Level 3 Recovery,46,Male
1357,369,3371,5548.181264,Level 3 Recovery,40,Female
1358,1724,3379,3678.0328979999995,Level 3 Recovery,39,Female
1359,1001,3384,3967.1931369999998,Level 3 Recovery,54,Male
1360,656,3395,7602.924223,Level 3 Recovery,39,Male
1361,76,3398,3596.565855,Level 3 Recovery,23,Male
1362,923,3398,5546.108555,Level 3 Recovery,41,Female
1363,312,3399,6434.873072,Level 3 Recovery,32,Female
1364,2055,3399,3577.9666049999996,Level 3 Recovery,51,Male
1365,904,3402,4414.195087,Level 3 Recovery,35,Male
1366,2024,3404,5561.6339,Level 3 Recovery,40,Female
1367,2044,3412,8769.163972,Level 3 Recovery,48,Male
1368,393,3413,4693.8525549999995,Level 3 Recovery,37,Female
1369,927,3416,6039.570054,Level 3 Recovery,43,Female
1370,1306,3419,4914.60383,Level 3 Recovery,64,Female
1371,1680,3421,5941.764461,Level 3 Recovery,34,Male
1372,644,3425,5662.63398,Level 3 Recovery,47,Male
1373,1922,3425,8342.648659999999,Level 3 Recovery,40,Female
1374,1085,3426,4126.619519,Level 3 Recovery,28,Female
1375,1646,3427,6362.888664,Level 3 Recovery,49,Male
1376,566,3429,3563.691052,Level 3 Recovery,45,Male
1377,992,3429,5386.408703,Level 3 Recovery,34,Female
1378,811,3434,6097.8994840000005,Level 3 Recovery,39,Female
1379,147,3436,3344.2336600000003,Level 3 Recovery,35,Female
1380,686,3442,3184.085734,Level 3 Recovery,41,Female
1381,2034,3444,4519.028069,Level 3 Recovery,53,Male
1382,1511,3446,4597.073763,Level 3 Recovery,57,Female
1383,838,3447,5271.882496,Level 3 Recovery,41,Female
1384,1518,3460,6234.6155579999995,Level 3 Recovery,51,Female
1385,29,3468,5222.602221,Level 3 Recovery,35,Female
1386,53,3470,4712.35279,Level 3 Recovery,42,Male
1387,1762,3470,5841.830631,Level 3 Recovery,39,Male
1388,1616,3474,6746.880120000001,Level 3 Recovery,55,Female
1389,365,3490,4729.8574340000005,Level 3 Recovery,43,Male
1390,211,3499,9942.101238,Level 3 Recovery,61,Female
1391,550,3510,4815.822822,Level 3 Recovery,41,Female
1392,882,3510,4191.6097119999995,Level 3 Recovery,56,Male
1393,1660,3512,6014.589690999999,Level 3 Recovery,48,Male
1394,1113,3514,6168.792214,Level 3 Recovery,52,Male
1395,342,3516,2567.6426260000003,Level 3 Recovery,40,Female
1396,753,3516,4742.274103,Level 3 Recovery,60,Male
1397,1457,3533,6905.663639,Level 3 Recovery,36,Female
1398,1439,3534,5640.798253,Level 3 Recovery,36,Male
1399,434,3536,5569.838390999999,Level 3 Recovery,40,Female
1400,889,3537,2803.108635,Level 3 Recovery,46,Female
1401,1757,3538,5370.014313000001,Level 3 Recovery,47,Female
1402,851,3546,7332.82009,Level 3 Recovery,59,Female
1403,1065,3550,5784.360962,Level 3 Recovery,44,Female
1404,1697,3554,7541.387181,Level 3 Recovery,41,Male
1405,368,3556,3641.55699,Level 3 Recovery,55,Female
1406,616,3559,5865.233384,Level 3 Recovery,45,Male
1407,452,3563,8951.879894,Level 3 Recovery,53,Male
1408,1615,3564,5378.069582,Level 3 Recovery,59,Male
1409,1146,3565,10388.2881,Level 3 Recovery,47,Female
1410,613,3568,3663.979479,Level 3 Recovery,41,Male
1411,1566,3570,9713.402587,Level 3 Recovery,53,Female
1412,1652,3574,5176.3083799999995,Level 3 Recovery,59,Female
1413,919,3594,4148.848237,Level 3 Recovery,40,Female
1414,1109,3603,4565.1404219999995,Level 3 Recovery,34,Female
1415,1490,3604,7218.109756,Level 3 Recovery,35,Female
1416,235,3606,3546.172236,Level 3 Recovery,55,Male
1417,353,3608,5057.712637,Level 3 Recovery,57,Female
1418,439,3612,16519.4867,Level 3 Recovery,48,Female
1419,1760,3619,5176.81633,Level 3 Recovery,42,Female
1420,1082,3643,6521.989525999999,Level 3 Recovery,66,Male
1421,1281,3647,5610.6852579999995,Level 3 Recovery,49,Male
1422,1881,3652,8002.152424,Level 3 Recovery,56,Female
1423,1546,3658,6262.589968,Level 3 Recovery,45,Female
1424,1145,3660,5001.072309,Level 3 Recovery,48,Male
1425,431,3666,4140.287636,Level 3 Recovery,50,Male
1426,1521,3673,7629.626959,Level 3 Recovery,50,Male
1427,1139,3674,5882.483282,Level 3 Recovery,40,Female
1428,1987,3677,6894.519279000001,Level 3 Recovery,61,Female
1429,804,3684,5833.8466,Level 3 Recovery,45,Female
1430,119,3689,6148.12855,Level 3 Recovery,59,Male
1431,662,3692,5098.18369,Level 3 Recovery,39,Female
1432,1070,3693,6609.474137,Level 3 Recovery,59,Male
1433,1562,3702,6306.301753,Level 3 Recovery,39,Male
1434,517,3703,6296.036728,Level 3 Recovery,76,Male
1435,1445,3705,6816.188228,Level 3 Recovery,49,Male
1436,1698,3706,5807.7790509999995,Level 3 Recovery,52,Male
1437,1286,3710,5026.036882,Level 3 Recovery,32,Male
1438,959,3722,6928.474407,Level 3 Recovery,51,Female
1439,1853,3723,6017.949704,Level 3 Recovery,34,Male
1440,433,3734,7770.351703,Level 3 Recovery,71,Male
1441,280,3739,2867.274886,Level 3 Recovery,45,Female
1442,1889,3743,4863.702722999999,Level 3 Recovery,45,Female
1443,956,3749,6066.419579,Level 3 Recovery,41,Male
1444,1653,3755,5168.626235,Level 3 Recovery,52,Male
1445,309,3757,7792.056570000001,Level 3 Recovery,36,Female
1446,1820,3768,2029.693193,Level 3 Recovery,53,Female
1447,1023,3771,5700.211947,Level 3 Recovery,41,Female
1448,1572,3772,5161.475651,Level 3 Recovery,62,Male
1449,689,3775,8019.515015999999,Level 3 Recovery,63,Female
1450,2053,3775,9719.999402,Level 3 Recovery,57,Male
1451,1013,3779,6136.459,Level 3 Recovery,62,Female
1452,1072,3784,5813.196447,Level 3 Recovery,61,Male
1453,167,3789,7073.308501,Level 3 Recovery,42,Male
1454,541,3789,5464.742924,Level 3 Recovery,65,Female
1455,507,3795,6899.846343000001,Level 3 Recovery,62,Male
1456,462,3798,6081.231165,Level 3 Recovery,45,Female
1457,1104,3800,7435.590633,Level 3 Recovery,52,Female
1458,1165,3800,6317.278326,Level 3 Recovery,50,Female
1459,39,3818,4076.9071799999997,Level 3 Recovery,53,Male
1460,37,3826,4674.550992,Level 3 Recovery,58,Male
1461,928,3835,5523.120371,Level 3 Recovery,65,Female
1462,1197,3848,8225.967339,Level 3 Recovery,46,Female
1463,48,3854,4641.614846,Level 3 Recovery,49,Female
1464,1159,3855,5400.940122999999,Level 3 Recovery,47,Female
1465,1371,3857,6897.52067,Level 3 Recovery,63,Female
1466,1758,3857,5570.066559000001,Level 3 Recovery,50,Male
1467,646,3870,8587.046039,Level 3 Recovery,66,Male
1468,265,3874,8535.882623,Level 3 Recovery,46,Female
1469,2012,3892,8811.016545999999,Level 3 Recovery,65,Male
1470,848,3893,7624.444664,Level 3 Recovery,44,Male
1471,2051,3901,4446.049014,Level 3 Recovery,53,Male
1472,1541,3904,9028.249247,Level 3 Recovery,48,Male
1473,67,3907,3296.4662989999997,Level 3 Recovery,60,Female
1474,1823,3914,4090.608107,Level 3 Recovery,63,Female
1475,1722,3916,4682.626972999999,Level 3 Recovery,54,Male
1476,847,3923,5999.527312,Level 3 Recovery,59,Female
1477,1368,3923,5757.685073,Level 3 Recovery,50,Male
1478,545,3931,6123.334085,Level 3 Recovery,45,Male
1479,1166,3933,5262.055214,Level 3 Recovery,47,Female
1480,373,3937,10324.43118,Level 3 Recovery,70,Female
1481,1299,3942,7590.89055,Level 3 Recovery,67,Male
1482,347,3945,5040.117429,Level 3 Recovery,40,Female
1483,339,3946,4907.467606,Level 3 Recovery,53,Male
1484,160,3968,12346.63659,Level 3 Recovery,63,Male
1485,69,3972,4289.324209,Level 3 Recovery,58,Male
1486,1595,3973,10282.49931,Level 3 Recovery,64,Male
1487,1522,3982,5453.999183,Level 3 Recovery,45,Male
1488,1349,3986,5424.6989490000005,Level 3 Recovery,57,Male
1489,1678,3992,6367.1536320000005,Level 3 Recovery,71,Male
1490,143,4001,1921.107323,Level 3 Recovery,62,Male
1491,1215,4006,8649.806664,Level 3 Recovery,36,Female
1492,1725,4009,5316.579525,Level 3 Recovery,45,Female
1493,1657,4010,5617.471857,Level 3 Recovery,69,Male
1494,1714,4013,5767.138753,Level 3 Recovery,50,Female
1495,89,4015,4010.573254,Level 3 Recovery,47,Female
1496,891,4020,4875.845999,Level 3 Recovery,47,Female
1497,1009,4031,4928.116321,Level 3 Recovery,61,Male
1498,843,4034,6698.395899,Level 3 Recovery,56,Male
1499,526,4039,5078.045066,Level 3 Recovery,60,Female
1500,1459,4048,6520.398791,Level 3 Recovery,52,Female
1501,430,4050,6255.654868,Level 3 Recovery,61,Male
1502,1081,4054,5890.930056,Level 3 Recovery,47,Female
1503,1320,4056,7469.625872,Level 3 Recovery,42,Male
1504,925,4060,3042.451638,Level 3 Recovery,41,Female
1505,1140,4067,5804.582653,Level 3 Recovery,59,Male
1506,752,4068,4879.313831,Level 3 Recovery,57,Male
1507,784,4069,7292.12355,Level 3 Recovery,60,Male
1508,1358,4091,8695.481873,Level 3 Recovery,48,Male
1509,551,4096,6527.360327,Level 3 Recovery,50,Female
1510,1240,4096,5921.575424000001,Level 3 Recovery,41,Female
1511,1270,4098,8013.546367,Level 3 Recovery,50,Female
1512,1133,4101,7119.418395000001,Level 3 Recovery,46,Female
1513,1265,4113,4625.637705,Level 3 Recovery,53,Male
1514,1948,4123,5848.8896429999995,Level 3 Recovery,50,Male
1515,407,4131,4476.308739,Level 3 Recovery,48,Female
1516,585,4142,3934.6274719999997,Level 3 Recovery,51,Female
1517,1658,4154,6332.017334,Level 3 Recovery,60,Male
1518,47,4155,5036.5064729999995,Level 3 Recovery,55,Female
1519,1192,4164,9266.182873,Level 3 Recovery,45,Female
1520,601,4169,5099.777052,Level 3 Recovery,49,Female
1521,405,4170,4985.7428,Level 3 Recovery,65,Female
1522,1058,4177,6510.349075,Level 3 Recovery,40,Female
1523,414,4178,4695.172026,Level 3 Recovery,49,Male
1524,73,4183,3950.5810890000002,Level 3 Recovery,46,Male
1525,845,4185,4763.5903530000005,Level 3 Recovery,46,Female
1526,1399,4200,11155.70168,Level 3 Recovery,57,Male
1527,846,4202,6065.2008909999995,Level 3 Recovery,57,Female
1528,1582,4207,6647.821991,Level 3 Recovery,54,Female
1529,306,4216,9429.740917000001,Level 3 Recovery,41,Female
1530,456,4221,5398.9121700000005,Level 3 Recovery,59,Female
1531,1187,4226,8446.323369,Level 3 Recovery,64,Male
1532,650,4228,6251.7306149999995,Level 3 Recovery,47,Female
1533,1703,4236,8507.685335,Level 3 Recovery,51,Male
1534,1148,4239,5193.942819,Level 3 Recovery,62,Female
1535,117,4248,6859.867733,Level 3 Recovery,71,Male
1536,1584,4264,6680.7793759999995,Level 3 Recovery,58,Male
1537,638,4271,6303.0547799999995,Level 3 Recovery,59,Female
1538,1314,4289,8518.829396,Level 3 Recovery,71,Male
1539,1935,4291,9356.450421,Level 3 Recovery,53,Male
1540,399,4293,8299.216631000001,Level 3 Recovery,55,Female
1541,1565,4301,12356.884540000001,Level 3 Recovery,54,Female
1542,982,4309,7724.801693,Level 3 Recovery,76,Male
1543,1852,4322,5973.844816,Level 3 Recovery,63,Female
1544,113,4361,7121.513028,Level 3 Recovery,47,Male
1545,771,4388,4936.357207,Level 3 Recovery,68,Male
1546,1672,4397,6238.72204,Level 3 Recovery,71,Male
1547,1454,4403,7086.114242000001,Level 3 Recovery,57,Male
1548,1136,4439,6220.60016,Level 3 Recovery,55,Male
1549,1574,4441,6330.150989,Level 3 Recovery,69,Male
1550,27,4445,5605.396961,Level 3 Recovery,58,Male
1551,606,4450,7141.877388,Level 3 Recovery,46,Male
1552,869,4455,6324.6182850000005,Level 3 Recovery,49,Female
1553,1802,4466,7373.2502620000005,Level 3 Recovery,62,Female
1554,1636,4495,7060.12032,Level 3 Recovery,47,Male
1555,1074,4502,7718.683076,Level 3 Recovery,47,Male
1556,902,4511,4510.46404,Level 3 Recovery,54,Female
1557,1181,4514,7244.973384000001,Level 3 Recovery,63,Male
1558,1784,4514,6243.916639,Level 3 Recovery,75,Male
1559,1032,4552,7442.7589370000005,Level 3 Recovery,78,Male
1560,258,4556,26205.32679,Level 3 Recovery,57,Female
1561,275,4568,6269.773999,Level 3 Recovery,61,Male
1562,2018,4577,8404.740562,Level 3 Recovery,60,Male
1563,1186,4584,7794.838223999999,Level 3 Recovery,64,Female
1564,1430,4586,6737.709108,Level 3 Recovery,51,Female
1565,641,4599,5902.630270000001,Level 3 Recovery,57,Female
1566,1605,4604,8699.730699,Level 3 Recovery,43,Female
1567,55,4613,12814.17368,Level 3 Recovery,63,Male
1568,1473,4615,10376.56411,Level 3 Recovery,49,Female
1569,1413,4624,6407.734979999999,Level 3 Recovery,55,Male
1570,390,4642,5475.223468,Level 3 Recovery,39,Male
1571,628,4655,6589.245326,Level 3 Recovery,76,Male
1572,1797,4660,6152.108886,Level 3 Recovery,74,Male
1573,984,4672,6962.109275,Level 3 Recovery,61,Female
1574,1790,4684,7481.117290000001,Level 3 Recovery,64,Female
1575,1031,4690,6697.774811,Level 3 Recovery,52,Female
1576,571,4692,8948.851545,Level 3 Recovery,42,Female
1577,702,4693,7094.940159000001,Level 3 Recovery,42,Male
1578,1035,4697,10004.124440000001,Level 3 Recovery,43,Female
1579,1317,4701,6154.080189,Level 3 Recovery,43,Female
1580,1054,4708,7077.1383909999995,Level 3 Recovery,66,Female
1581,260,4711,7422.462849,Level 3 Recovery,69,Female
1582,1018,4712,6255.1768409999995,Level 3 Recovery,47,Female
1583,1379,4714,8793.440704999999,Level 3 Recovery,75,Female
1584,1007,4720,7055.688765999999,Level 3 Recovery,60,Female
1585,1366,4723,6409.352646,Level 3 Recovery,70,Male
1586,1885,4728,15737.89432,Level 3 Recovery,63,Female
1587,272,4744,6142.97746,Level 3 Recovery,80,Male
1588,281,4757,6421.827494,Level 3 Recovery,64,Female
1589,1171,4769,10549.05583,Level 3 Recovery,61,Male
1590,216,4774,29831.506660000003,Level 3 Recovery,60,Female
1591,1579,4776,7021.328219,Level 3 Recovery,56,Male
1592,1516,4778,7429.1678409999995,Level 3 Recovery,45,Female
1593,376,4789,8213.079814,Level 3 Recovery,61,Female
1594,962,4790,7729.931820000001,Level 3 Recovery,46,Male
1595,942,4793,9443.236581000001,Level 3 Recovery,64,Male
1596,1335,4793,5412.67678,Level 3 Recovery,77,Female
1597,1513,4807,10840.01915,Level 3 Recovery,70,Male
1598,1027,4810,12768.23346,Level 3 Recovery,75,Male
1599,1846,4810,8585.339245000001,Level 3 Recovery,55,Female
1600,1647,4811,6549.321264,Level 3 Recovery,59,Female
1601,420,4839,7378.827405,Level 3 Recovery,49,Male
1602,993,4862,4758.065918,Level 3 Recovery,53,Male
1603,458,4878,7049.801522,Level 3 Recovery,76,Female
1604,1050,4884,9973.384842,Level 3 Recovery,56,Male
1605,1230,4897,7687.168895000001,Level 3 Recovery,56,Female
1606,1380,4933,6981.6060099999995,Level 3 Recovery,64,Female
1607,1071,4936,8704.052259,Level 3 Recovery,54,Male
1608,1283,4937,4808.34515,Level 3 Recovery,61,Female
1609,968,4938,10069.98264,Level 3 Recovery,61,Female
1610,2032,4942,11279.630790000001,Level 3 Recovery,58,Male
1611,909,4944,6152.816521,Level 3 Recovery,63,Female
1612,270,4962,19642.33657,Level 3 Recovery,50,Female
1613,328,4970,7764.76372,Level 3 Recovery,65,Female
1614,1029,4973,7154.379499,Level 3 Recovery,58,Male
1615,1041,4973,8839.474328,Level 3 Recovery,54,Female
1616,1124,4986,10433.469579999999,Level 3 Recovery,63,Male
1617,2027,4987,13630.58167,Level 3 Recovery,50,Female
1618,1078,5008,7192.934912000001,Level 4 Recovery,63,Male
1619,573,5010,5225.797742,Level 4 Recovery,63,Male
1620,678,5014,11043.134979999999,Level 4 Recovery,62,Female
1621,1258,5021,9537.151946,Level 4 Recovery,73,Male
1622,890,5030,7225.846365,Level 4 Recovery,64,Male
1623,465,5037,7275.536069,Level 4 Recovery,43,Male
1624,941,5038,11942.36472,Level 4 Recovery,76,Male
1625,377,5039,6999.505454000001,Level 4 Recovery,56,Male
1626,645,5059,7097.886779,Level 4 Recovery,62,Male
1627,327,5063,8139.156234,Level 4 Recovery,43,Female
1628,908,5063,5008.424615,Level 4 Recovery,59,Female
1629,1369,5074,9004.64149,Level 4 Recovery,71,Male
1630,1974,5074,10352.21643,Level 4 Recovery,57,Female
1631,290,5078,6915.924067,Level 4 Recovery,70,Female
1632,833,5094,8480.642875,Level 4 Recovery,58,Female
1633,326,5110,9699.017851999999,Level 4 Recovery,54,Male
1634,592,5133,5525.8247280000005,Level 4 Recovery,78,Female
1635,1024,5135,8036.323418999999,Level 4 Recovery,74,Male
1636,65,5147,5386.810455,Level 4 Recovery,59,Male
1637,1911,5147,7319.596554000001,Level 4 Recovery,69,Male
1638,1460,5159,6727.751203,Level 4 Recovery,73,Male
1639,2040,5159,13248.46865,Level 4 Recovery,68,Male
1640,384,5165,7387.410602,Level 4 Recovery,46,Female
1641,758,5180,7191.446634,Level 4 Recovery,81,Male
1642,41,5181,12433.871079999999,Level 4 Recovery,60,Female
1643,1207,5187,6260.329122,Level 4 Recovery,71,Male
1644,1520,5191,9383.825198,Level 4 Recovery,74,Female
1645,991,5194,6691.9152189999995,Level 4 Recovery,54,Female
1646,649,5218,10148.20694,Level 4 Recovery,58,Male
1647,75,5219,5663.306456,Level 4 Recovery,33,Female
1648,1173,5219,7092.159734000001,Level 4 Recovery,54,Female
1649,1312,5226,5396.089245,Level 4 Recovery,62,Male
1650,1250,5234,9928.279875,Level 4 Recovery,65,Female
1651,921,5246,4269.715572,Level 4 Recovery,68,Female
1652,438,5273,14959.3639,Level 4 Recovery,60,Female
1653,1141,5279,5006.927507,Level 4 Recovery,66,Female
1654,2037,5283,7645.470406999999,Level 4 Recovery,63,Male
1655,427,5284,8056.280452,Level 4 Recovery,43,Female
1656,1375,5294,8059.556340000001,Level 4 Recovery,74,Female
1657,1262,5307,9751.577882,Level 4 Recovery,53,Female
1658,863,5325,7690.2136519999995,Level 4 Recovery,48,Female
1659,617,5345,29827.01222,Level 4 Recovery,66,Female
1660,1057,5348,8964.430806999999,Level 4 Recovery,65,Female
1661,385,5375,8742.750191,Level 4 Recovery,72,Female
1662,261,5380,9046.421123,Level 4 Recovery,77,Male
1663,676,5388,7508.006123,Level 4 Recovery,69,Male
1664,1118,5391,8544.550685,Level 4 Recovery,73,Female
1665,64,5397,7240.125923999999,Level 4 Recovery,78,Female
1666,268,5409,17173.88459,Level 4 Recovery,70,Female
1667,319,5411,10856.08808,Level 4 Recovery,53,Female
1668,1484,5411,13415.88052,Level 4 Recovery,69,Female
1669,1736,5421,6888.386407999999,Level 4 Recovery,69,Male
1670,315,5458,9934.513393000001,Level 4 Recovery,58,Female
1671,714,5459,9215.234594,Level 4 Recovery,63,Male
1672,787,5459,8206.134654000001,Level 4 Recovery,67,Male
1673,332,5460,12056.55121,Level 4 Recovery,57,Female
1674,755,5477,6557.952827,Level 4 Recovery,66,Male
1675,1298,5490,5850.437628,Level 4 Recovery,72,Female
1676,366,5500,8343.000372,Level 4 Recovery,74,Male
1677,187,5504,7767.461198,Level 4 Recovery,71,Male
1678,1531,5507,11535.60825,Level 4 Recovery,64,Male
1679,829,5510,6425.4506,Level 4 Recovery,83,Male
1680,1593,5518,11821.47558,Level 4 Recovery,59,Female
1681,940,5526,9238.578231,Level 4 Recovery,74,Female
1682,917,5527,7316.429588,Level 4 Recovery,84,Male
1683,842,5532,8389.474874,Level 4 Recovery,72,Male
1684,1635,5541,8080.941944,Level 4 Recovery,54,Female
1685,1363,5542,14256.631640000001,Level 4 Recovery,59,Female
1686,2000,5543,1001.585644,Level 4 Recovery,66,Female
1687,1060,5573,9826.11353,Level 4 Recovery,60,Female
1688,1374,5600,9432.854056999999,Level 4 Recovery,74,Male
1689,647,5629,8922.893597,Level 4 Recovery,77,Female
1690,370,5633,9375.688329,Level 4 Recovery,72,Female
1691,840,5660,7543.070823,Level 4 Recovery,78,Female
1692,1863,5666,5963.986702,Level 4 Recovery,60,Female
1693,640,5678,9242.791568,Level 4 Recovery,70,Female
1694,1839,5690,12138.74216,Level 4 Recovery,61,Female
1695,395,5703,10900.35092,Level 4 Recovery,62,Female
1696,684,5704,11606.48405,Level 4 Recovery,67,Female
1697,118,5705,9046.593237000001,Level 4 Recovery,72,Male
1698,1834,5707,8246.169844,Level 4 Recovery,54,Male
1699,1076,5724,9844.398322,Level 4 Recovery,77,Male
1700,426,5732,8635.062272,Level 4 Recovery,69,Male
1701,756,5735,7832.264214,Level 4 Recovery,62,Male
1702,35,5751,9858.842034000001,Level 4 Recovery,72,Female
1703,854,5775,9997.580426999999,Level 4 Recovery,61,Male
1704,2036,5861,8692.957817,Level 4 Recovery,56,Male
1705,724,5868,8699.643001,Level 4 Recovery,84,Male
1706,883,5868,8969.371948,Level 4 Recovery,66,Female
1707,772,5876,13194.850059999999,Level 4 Recovery,67,Female
1708,745,5887,9533.614189,Level 4 Recovery,83,Male
1709,103,5958,6279.531666,Level 4 Recovery,67,Female
1710,1753,5961,9672.880379,Level 4 Recovery,56,Female
1711,1370,5970,8077.2664239999995,Level 4 Recovery,68,Male
1712,1123,5980,9951.484451999999,Level 4 Recovery,81,Male
1713,1401,5983,10469.25719,Level 4 Recovery,52,Male
1714,947,5999,10366.14099,Level 4 Recovery,74,Male
1715,512,6009,9487.939499,Level 4 Recovery,78,Female
1716,589,6035,8209.446999,Level 4 Recovery,60,Female
1717,1226,6070,10481.59591,Level 4 Recovery,62,Male
1718,1068,6084,10460.99279,Level 4 Recovery,70,Female
1719,1580,6086,14040.95866,Level 4 Recovery,74,Female
1720,1644,6100,11843.94572,Level 4 Recovery,54,Male
1721,1538,6101,12621.578140000001,Level 4 Recovery,52,Female
1722,269,6124,19658.934559999998,Level 4 Recovery,54,Female
1723,1264,6135,10750.03194,Level 4 Recovery,68,Female
1724,834,6181,10174.10886,Level 4 Recovery,62,Male
1725,1650,6182,7085.704167,Level 4 Recovery,54,Male
1726,98,6206,9714.618515,Level 4 Recovery,63,Male
1727,916,6210,7097.229646,Level 4 Recovery,64,Female
1728,1773,6217,8489.740498000001,Level 4 Recovery,81,Female
1729,1676,6239,9681.62076,Level 4 Recovery,74,Female
1730,1094,6269,9188.796338,Level 4 Recovery,72,Female
1731,636,6273,7575.350590000001,Level 4 Recovery,64,Female
1732,1643,6278,16576.76678,Level 4 Recovery,64,Female
1733,935,6291,11118.91283,Level 4 Recovery,75,Female
1734,449,6300,15108.533440000001,Level 4 Recovery,77,Male
1735,1485,6320,11929.12569,Level 4 Recovery,74,Female
1736,1800,6366,15150.77336,Level 4 Recovery,62,Male
1737,1271,6402,9791.454902,Level 4 Recovery,67,Female
1738,1178,6406,10860.372370000001,Level 4 Recovery,66,Male
1739,1019,6463,9121.505884,Level 4 Recovery,83,Female
1740,558,6491,9655.864111,Level 4 Recovery,75,Female
1741,1015,6492,13621.50795,Level 4 Recovery,59,Male
1742,2046,6500,21610.9207,Level 4 Recovery,75,Female
1743,1158,6512,9524.484059999999,Level 4 Recovery,77,Male
1744,1438,6528,16713.98177,Level 4 Recovery,80,Male
1745,1813,6532,19355.79932,Level 4 Recovery,60,Male
1746,623,6540,9868.012512000001,Level 4 Recovery,76,Male
1747,907,6566,6309.993393,Level 4 Recovery,54,Male
1748,1446,6570,21176.05702,Level 4 Recovery,83,Female
1749,2020,6577,12382.72607,Level 4 Recovery,80,Male
1750,104,6633,15778.703980000002,Level 4 Recovery,52,Male
1751,1172,6645,12294.29933,Level 4 Recovery,80,Male
1752,1512,6700,14866.163,Level 4 Recovery,74,Male
1753,1367,6702,11034.005879999999,Level 4 Recovery,74,Female
1754,101,6723,8108.039578,Level 4 Recovery,70,Female
1755,898,6752,9342.450901,Level 4 Recovery,78,Female
1756,800,6754,12101.79142,Level 4 Recovery,60,Male
1757,316,6764,12037.273959999999,Level 4 Recovery,78,Male
1758,624,6788,16283.521830000002,Level 4 Recovery,70,Male
1759,952,6789,11502.19899,Level 4 Recovery,65,Male
1760,1415,6800,12923.66863,Level 4 Recovery,83,Female
1761,1701,6806,13059.581470000001,Level 4 Recovery,79,Male
1762,1638,6817,10754.39193,Level 4 Recovery,70,Female
1763,1915,6826,17843.1701,Level 4 Recovery,78,Male
1764,939,6842,10020.22897,Level 4 Recovery,77,Female
1765,1321,6864,10196.70853,Level 4 Recovery,76,Male
1766,418,6910,9023.345895,Level 4 Recovery,57,Male
1767,878,6924,11609.48488,Level 4 Recovery,51,Male
1768,1235,6949,11601.76893,Level 4 Recovery,52,Female
1769,531,6957,15330.10636,Level 4 Recovery,63,Female
1770,1431,7013,12484.26115,Level 4 Recovery,54,Female
1771,974,7024,18807.055930000002,Level 4 Recovery,58,Male
1772,603,7035,12530.94989,Level 4 Recovery,74,Male
1773,71,7042,8632.493074,Level 4 Recovery,73,Female
1774,1833,7044,14814.32391,Level 4 Recovery,61,Female
1775,1225,7112,14333.06777,Level 4 Recovery,53,Female
1776,1428,7112,15371.54532,Level 4 Recovery,59,Female
1777,1570,7151,15652.95684,Level 4 Recovery,58,Male
1778,823,7157,16196.07845,Level 4 Recovery,55,Male
1779,112,7167,12366.48263,Level 4 Recovery,71,Male
1780,453,7174,13583.714069999998,Level 4 Recovery,66,Female
1781,590,7177,10940.05852,Level 4 Recovery,57,Female
1782,2029,7179,10339.71267,Level 4 Recovery,84,Female
1783,1752,7187,9955.381515000001,Level 4 Recovery,81,Female
1784,1588,7189,20572.20814,Level 4 Recovery,54,Male
1785,1448,7195,8986.128584999999,Level 4 Recovery,59,Female
1786,1132,7197,7447.236129000001,Level 4 Recovery,82,Male
1787,10,7220,9938.698547,Level 4 Recovery,54,Male
1788,1967,7230,11131.43392,Level 4 Recovery,55,Female
1789,355,7254,9203.729858,Level 4 Recovery,56,Male
1790,1183,7254,17472.13641,Level 4 Recovery,55,Male
1791,937,7256,17296.158219999998,Level 4 Recovery,62,Male
1792,425,7262,12023.72971,Level 4 Recovery,60,Male
1793,673,7288,16258.4949,Level 4 Recovery,84,Male
1794,1000,7336,12133.71157,Level 4 Recovery,84,Female
1795,371,7360,13195.40271,Level 4 Recovery,82,Male
1796,1426,7395,18443.31943,Level 4 Recovery,62,Female
1797,1571,7474,21977.00637,Level 4 Recovery,77,Male
1798,262,7483,18224.28753,Level 4 Recovery,54,Female
1799,1420,7508,13194.75111,Level 4 Recovery,50,Male
1800,33,7514,14350.34717,Level 4 Recovery,66,Male
1801,1596,7519,12003.97483,Level 4 Recovery,75,Male
1802,828,7554,11199.92072,Level 4 Recovery,55,Female
1803,1858,7579,8060.862262999999,Level 4 Recovery,50,Male
1804,229,7630,10978.5244,Level 4 Recovery,52,Female
1805,1294,7686,10770.40165,Level 4 Recovery,78,Male
1806,1654,7698,13654.05921,Level 4 Recovery,65,Male
1807,1288,7731,16671.14181,Level 4 Recovery,51,Male
1808,240,7757,12279.37844,Level 4 Recovery,61,Male
1809,386,7771,16619.6275,Level 4 Recovery,69,Male
1810,325,7775,22734.01795,Level 4 Recovery,82,Male
1811,42,7791,10534.05068,Level 4 Recovery,57,Female
1812,1824,7861,17398.47189,Level 4 Recovery,61,Male
1813,17,7891,14787.5649,Level 4 Recovery,82,Male
1814,1008,7917,12192.41275,Level 4 Recovery,59,Male
1815,778,7926,12129.950640000001,Level 4 Recovery,61,Male
1816,1456,7946,15997.09225,Level 4 Recovery,51,Female
1817,154,7949,9745.058335,Level 4 Recovery,84,Female
1818,1290,7956,16247.83657,Level 4 Recovery,51,Male
1819,2052,7964,12921.51125,Level 4 Recovery,53,Male
1820,1560,7997,16176.370169999998,Level 4 Recovery,51,Male
1821,1323,8057,14579.805030000001,Level 4 Recovery,58,Male
1822,533,8085,13038.77055,Level 4 Recovery,57,Male
1823,906,8143,16344.46826,Level 4 Recovery,65,Female
1824,28,8193,10771.12997,Level 4 Recovery,58,Male
1825,423,8213,588.0044164,Level 4 Recovery,52,Male
1826,32,8217,27871.963069999998,Level 4 Recovery,61,Female
1827,1730,8233,11008.363870000001,Level 4 Recovery,50,Female
1828,23,8244,15465.32496,Level 4 Recovery,55,Male
1829,983,8255,16788.33176,Level 4 Recovery,71,Female
1830,92,8302,10638.15906,Level 4 Recovery,60,Male
1831,57,8357,16890.795680000003,Level 4 Recovery,52,Male
1832,1322,8359,15932.924719999999,Level 4 Recovery,56,Male
1833,1002,8409,9695.6312,Level 4 Recovery,59,Male
1834,1892,8446,14746.833030000002,Level 4 Recovery,48,Male
1835,1418,8560,14336.68227,Level 4 Recovery,52,Female
1836,1684,8595,13763.30811,Level 4 Recovery,80,Female
1837,214,8619,30973.45209,Level 4 Recovery,71,Female
1838,588,8620,9668.229463,Level 4 Recovery,82,Female
1839,1774,8629,15496.8308,Level 4 Recovery,68,Male
1840,85,8633,17536.45201,Level 4 Recovery,48,Male
1841,1122,8651,19161.95114,Level 4 Recovery,47,Male
1842,404,8732,12539.01998,Level 4 Recovery,68,Female
1843,763,8759,15942.630619999998,Level 4 Recovery,56,Male
1844,581,8768,9839.572021,Level 4 Recovery,70,Female
1845,1733,8789,15944.98855,Level 4 Recovery,54,Male
1846,1860,8789,11422.411979999999,Level 4 Recovery,54,Male
1847,934,8803,12853.78061,Level 4 Recovery,52,Female
1848,93,8882,13065.71205,Level 4 Recovery,54,Male
1849,1303,8900,13340.38535,Level 4 Recovery,66,Male
1850,553,8925,16925.05952,Level 4 Recovery,82,Female
1851,555,8930,16461.70968,Level 4 Recovery,65,Female
1852,6,8974,16456.83533,Level 4 Recovery,65,Female
1853,711,8980,15680.676730000001,Level 4 Recovery,51,Male
1854,413,9024,15671.38907,Level 4 Recovery,56,Female
1855,1117,9026,16628.96169,Level 4 Recovery,56,Male
1856,320,9055,18720.219380000002,Level 4 Recovery,57,Male
1857,161,9070,28879.176730000003,Level 4 Recovery,50,Male
1858,699,9173,17131.5168,Level 4 Recovery,61,Male
1859,401,9193,34398.47971,Level 4 Recovery,72,Female
1860,796,9199,21169.80733,Level 4 Recovery,66,Female
1861,429,9218,14352.195880000001,Level 4 Recovery,60,Female
1862,1712,9232,19909.238999999998,Level 4 Recovery,61,Female
1863,186,9290,10351.15426,Level 4 Recovery,55,Female
1864,1583,9299,29170.03174,Level 4 Recovery,60,Female
1865,266,9341,18407.44958,Level 4 Recovery,47,Female
1866,1805,9352,24497.147390000002,Level 4 Recovery,53,Female
1867,318,9365,16034.150469999999,Level 4 Recovery,62,Female
1868,981,9474,21446.8099,Level 4 Recovery,63,Male
1869,568,9481,19814.862119999998,Level 4 Recovery,62,Male
1870,607,9525,20616.21457,Level 4 Recovery,53,Female
1871,263,9596,19912.633530000003,Level 4 Recovery,58,Male
1872,1606,9609,19858.28955,Level 4 Recovery,68,Male
1873,1618,9621,23794.83265,Level 4 Recovery,57,Female
1874,1372,9690,13749.625,Level 4 Recovery,72,Male
1875,461,9742,28305.00625,Level 4 Recovery,59,Male
1876,693,9753,20018.690730000002,Level 4 Recovery,54,Male
1877,361,9785,15388.19599,Level 4 Recovery,65,Female
1878,196,9857,9709.909257,Level 4 Recovery,68,Female
1879,313,9859,30209.18179,Level 4 Recovery,58,Female
1880,1781,9920,20386.23219,Level 4 Recovery,67,Female
1881,522,9964,16706.30592,Level 4 Recovery,53,Male
